"ğŸ† See where the young Reds will be travelling, as we begin the defence of our #FAYouthCup title...

#MUFC || #MUAcademy"
"Sending good vibes to @ManUtdWomen ahead of our big #WSL clash with Arsenal tomorrow! ğŸ™Œ

#MUFC || #MUWomen"
"A first United Player of the Month award for @AGarnacho7 ğŸ…

#MUFC https://t.co/jG4SgZyZwx"
"Eight iconic #WorldCup moments.
One winner.

Featuring haircuts, celebrations and controversial moments... ğŸ‘€â¬‡ï¸

#MUFC"
"Our newest fan channel is live ğŸ‘€

Join our @Discord for signed United prizes, giveaways and more ğŸ‘‡

#TalkUnited || #ImagineAPlace"
"A record to be proud of ğŸ§¬

#MUFC || #MUAcademy"
"â„¹ï¸ Club statement.

#MUFC"
"Charge up over the winter break ğŸ”‹

#MUFC"
"4ï¸âƒ£ appearances
2ï¸âƒ£ goals
2ï¸âƒ£ assists

Well played, @AGarnacho7 ğŸ‘

#MUFC"
"ğŸŒŸ A starring role in November...

You've voted @AGarnacho7 as our Player of the Month! ğŸ‘

#MUFC || #MUAcademy https://t.co/jybjoF5VlI"
"Our Great Dane ğŸ‡©ğŸ‡°

Wishing @PSchmeichel1 a very happy birthday ğŸˆ

#MUFC https://t.co/xrENsJ9pjS"
"Keeping a clear head is key to performing at his best ğŸ§ 

ğŸ’¯ @MarcusRashford

#MUFC"
"ğŸ¥ Coming up in today's United Daily... 

@MarcusRashford, Marc Skinner, @Z10ane and much more! ğŸ™Œ

#MUFC"
"ğŸŒ Discover our newest fan channel: @Discord. 

Talk all things United with Reds around the world â€” learn more below ğŸ‘‡

#TalkUnited || #ImagineAPlace"
"Ahead of next month's winter training camp, @HecoDubravka could represent his country in a friendly ğŸ§¤

ğŸ‡²ğŸ‡ª ğŸ†š ğŸ‡¸ğŸ‡° (17:00 GMT)

#MUFC https://t.co/LXLrhHkU6s"
"Train well, travel well ğŸ‘Š

#MUFC"
"Always a Red â¤ï¸

#MUFC || @MarcusRashford https://t.co/cSDdBHGzA5"
"âš½ï¸âš½ï¸âš½ï¸âš½ï¸âš½ï¸âš½ï¸âš½ï¸âš½ï¸
ğŸ…°ï¸ğŸ…°ï¸ğŸ…°ï¸

It's been a productive season so far for @MarcusRashford! ğŸ’ª

#MUFC"
"ğŸ”¥ History awaits for @ManUtdWomen in December ğŸ”œ

#MUFC || #ChangeTheGame"
"The best moments are yet to come ğŸ‘Š

@MarcusRashford ğŸ¤ @DanielWebber81

#MUFC"
"Wishing you a brilliant birthday, @LuisNani ğŸˆ

#MUFC https://t.co/kngMWID0lS"
"ğŸ’¯ @MarcusRashford ğŸŒŸ

#MUFC"
"ğŸ—“ï¸ The Manchester derby and our trip to Arsenal in January have both been rescheduled. 

#MUFC || #PL"
"Home is where the heart is ğŸ”´

#MUFC"
"ğŸŒ Catch all the Reds in action...

Your ultimate United guide to the #WorldCup group stages! ğŸ“‹

#MUFC"
"ğŸŸï¸ Manchester United is delighted to be included by the FA as part of the preliminary bid by the UK &amp; Ireland to host the UEFA Euro 2028 tournament.

#MUFC"
"ğŸ”´ United x @Discord ğŸ’¬

â– Exclusive giveaways
â– Matchday watchalongs
â– Digital collectibles info
â– Your channel, your rules

#TalkUnited || #ImagineAPlace"
"Three of our Reds could feature in international friendly action this evening...

ğŸ‡¹ğŸ‡· ğŸ†š ğŸ´ó §ó ¢ó ³ó £ó ´ó ¿ (17:00 GMT)
ğŸ‡²ğŸ‡½ ğŸ†š ğŸ‡¸ğŸ‡ª (19:30 GMT)

#MUFC https://t.co/1a8XP0xn3M"
"ğŸ”‹ Same energy.

ğŸ’ª Licha x Vida ğŸ‘Š

#MUFC || #PL https://t.co/odL8934yni"
"ğŸ”Š ""No fear. Fighting for the team. Really good quality."" ğŸ’ª

ğŸ‡§ğŸ‡¬ Berba has compared our no.6 to a United legend... 

#MUFC || @LisandrMartinez"
"7ï¸âƒ£1ï¸âƒ£8ï¸âƒ£ appearances âœ”ï¸
1ï¸âƒ£5ï¸âƒ£5ï¸âƒ£ goals âš½
7ï¸âƒ£5ï¸âƒ£ assists ğŸ¯

Join us in wishing Scholesy a happy birthday! ğŸ‰

#MUFC https://t.co/IWfa63tNKS"
"The Reds are returning to action sooner than you think ğŸ‡ªğŸ‡¸â¬‡ï¸

#MUFC"
"ğŸ’­ @ChrisEriksen8 names two Old Trafford matchdays as his highlights of the season so far... ğŸŸ

#MUFC"
"ğŸ“• A host of #MUWomen stars adorn the cover of December's Inside United, as we build up to @ManUtdWomen's Old Trafford showpiece in December â¤µï¸

#MUFC"
"That was an away day! ğŸ”¥

#MUFC || #PL"
"D-I-O-G-O ğŸ—£

ğŸ¨ Desraarya [IG]

#MUFC || @DalotDiogo https://t.co/7Sq5R7vVRD"
"Bruno, Bruno, Bruno ğŸ¶

âœï¸ @Llewellyn_Art

#MUFC || @B_Fernandes8 https://t.co/IHVThHFbKF"
"Bringing the heat ğŸŒ¶ï¸

ğŸ¨ @DamienDraws

#MUFC || @AGarnacho7 https://t.co/hvSs9SyBOd"
"ğŸ—£ï¸ â€œThe learning never really stops.â€ 

ğŸ“½ï¸ @MarcusRashford has some words of advice for the younger members of our squad. See more in the latest episode of @TeamViewer diaries ğŸ‘‡

#MUFC || #BringingYouCloser"
"ğŸ‡§ğŸ‡· @Casemiro
ğŸ‡ªğŸ‡¸ @D_DeGea
ğŸ‡¦ğŸ‡· @AGarnacho7

Our three Player of the Month nominees for November ğŸ‘Š

#MUFC"
"Leaving it late â³

Erik's Reds have scored five goals in stoppage time this season âš½ï¸

#MUFC"
"ğŸ”“ Unlock United with digital collectibles. Register now for an instant reward ğŸ‘€

Powered by @Tezos and brought to you by Tezos ecosystem companies ğŸ”‹ 

Follow @CollectMUFC for the latest on digital collectibles. 

#RegisterClaimUnlock || #CollectUnited"
"ğŸ—¯ ""This kid has got real talent.""

Another strong showing for @AmadDiallo_19 over the weekend ğŸ‘Š

#MUFC"
"ğŸ¯ @B_Fernandes8 marked his 1ï¸âƒ£0ï¸âƒ£0ï¸âƒ£th @PremierLeague appearance with an assist ğŸ‘

#MUFC || #PL"
"Some way to open your #PL account, @AGarnacho7 ğŸ‘ğŸ”“

#MUFC || #FULMUN"
"Hannibal is heading to the #FIFAWorldCup with Tunisia! ğŸ‡¹ğŸ‡³ğŸ™Œ

#MUFC"
"ğŸ—£ ""He's a complete player."" 

There's plenty of praise for @ChrisEriksen8 in today's United Daily ğŸ‘‡

#MUFC"
"ğŸ†• Club memorabilia is evolving. 
ğŸ”’ Register to hear more â¬‡ï¸

Powered by @Tezos and brought to you by Tezos ecosystem companies. 

#RegisterClaimUnlock || #CollectUnited"
"â„¹ï¸ The details of our #CarabaoCup fourth-round clash with Burnley have been confirmed ğŸ‘‡

#MUFC"
"â¡ï¸ Follow @CollectMUFC to learn how club memorabilia is evolving. 

Get ready for digital collectibles. What will yours unlock? ğŸ”“

#CollectUnited || #RegisterClaimUnlock https://t.co/Je9MVnACec"
"ğŸ”’ Club memorabilia is evolving. Get ready for digital collectibles. Register to hear more ğŸ˜ˆ

Powered by @Tezos and brought to you by Tezos ecosystem companies ğŸ”‹

#RegisterClaimUnlock || #CollectUnited"
"Special moments with our fantastic fans â¤ï¸

A memorable final United away day before the World Cup break â€” we'll see you back at Old Trafford soon, Reds ğŸ‘ 

#MUFC || #FULMUN https://t.co/WTE7n5avXF"
"â¤ï¸ @MU_Foundation BTEC Sport students recently met with members of our first team squad in a special event at Old Trafford.

#MUFC"
"â„¹ï¸ Club statement.

#MUFC"
"All the feels â¤ï¸

#MUFC || #FULMUN"
"""He was a brilliant teacher. The greatest influence on my career."" â€” Sir Bobby Charlton.

Today we're remembering the late, great Jimmy Murphy, who passed away on this day in 1989 â¤ï¸ https://t.co/BnXpecZ3dy"
"The final line of defence ğŸš«

There were more top stops from @D_DeGea during #FULMUN ğŸ‘

#MUFC || #PL"
"ğŸ’­ @VLindelof reflects on #FULMUN and that impressive @AGarnacho7 cameo...

#MUFC || #PL"
"Best wishes to Axel Tuanzebe on his 25th birthday! ğŸˆğŸ‚

#MUFC https://t.co/bqXrxzBAWO"
"Up and running in United red. What a moment for @ChrisEriksen8! ğŸ”´

#MUFC || #FULMUN"
What. A. Moment! ğŸ˜ğŸ”Š https://t.co/3a5PkVvH33
Wait until you see this footage of @AGarnacho7's goal... ğŸ¤©â³
"ğŸ’¬ ""Games can change with small moments and that happened tonight.""

#MUFC || #FULMUN"
"Relive that match-winning moment from @AGarnacho7 ğŸ¥°

#MUFC || #FULMUN"
"Time for a word from @VLindelof! ğŸ¥ 

@TeamViewer â†”ï¸ #BringingYouCloser

#MUFC || #FULMUN https://t.co/CBmXf0BxgJ"
"Making things happen âœ¨

A goal and an assist for @ChrisEriksen8 today ğŸ™Œ

#MUFC || #FULMUN"
"Take a bow, @AGarnacho7! ğŸ‡¦ğŸ‡·

Here's your chance to get your hands on a Garnacho 4ï¸âƒ£9ï¸âƒ£ shirt ğŸ‘‡

#MUFC || #FULMUN"
"Signing off for the #FIFAWorldCup break with a vital three points on the road ğŸ’ª

#MUFC || #FULMUN https://t.co/01L1cYkbhP"
"ğŸ’¬ ""We have to make a new history.""

Here's the manager's post-match reaction ğŸ‘‡

#MUFC || #FULMUN"
"Our Portuguese magnifico ğŸ‡µğŸ‡¹

#MUFC || #FULMUN"
"We couldn't have done it without you, Reds â¤ï¸

#MUFC || #FULMUN https://t.co/sc2uPSMYHo"
"Enjoy that one, Bruno? ğŸ˜

#MUFC || #FULMUN https://t.co/sFK64rjez9"
"We love United, we do âœŠğŸ”´

#MUFC || #FULMUN https://t.co/wcHYgcAW8g"
"How about that @D_DeGea performance, Reds? ğŸ˜

#MUFC || #FULMUN https://t.co/s5sAZEETJE"
"This team ğŸ¤—

#MUFC || #FULMUN https://t.co/INk24mGhP3"
"#MUAcademy graduate â˜‘ï¸
Stoppage-time winner â˜‘ï¸

Doing things the United way âœŠ

#MUFC || #FULMUN https://t.co/jQGAgRB7Mk"
"We love it when a plan comes together ğŸ˜

#MUFC || #FULMUN"
"90+3' â¤ï¸

#MUFC || #FULMUN https://t.co/otNTXAQ31T"
"SCENES.

#MUFC || #FULMUN"
"GARNACHO IN STOPPAGE TIME!!!!!

#MUFC || #FULMUN https://t.co/YmvJjYXfbF"
"ğŸ”„ A second change of the game from Erik ten Hag.

#MUFC || #FULMUN https://t.co/IyDdvtjNkD"
"We're into the final 20 minutes at Craven Cottage. Come on, Reds! ğŸ”´

#MUFC || #FULMUN https://t.co/z1jSR8n6T8"
"Goal. Fulham draw level.

#MUFC || #FULMUN"
"ğŸ”„ A first change of the game for the Reds.

#MUFC || #FULMUN https://t.co/nwVh9olgjX"
"â–¶ï¸ Let's finish the job, lads!

#MUFC || #FULMUN"
"â¸ @ChrisEriksen8's first goal for the Reds is the difference at the interval!

#MUFC || #FULMUN"
"ğŸ”¦ Under the lights.

#MUFC || #FULMUN https://t.co/H2NteY7CSH"
"âš¡ï¸ @MarcusRashford âš¡ï¸

#MUFC || #FULMUN https://t.co/Tsf98DHbv1"
"United account = opened â¤ï¸

#MUFC || #FULMUN https://t.co/R5wME0ezsw"
"GET IN THERE!

#MUFC || #FULMUN https://t.co/n3zyzJ5HnA"
"We will remember them. 

#RemembranceSunday https://t.co/kVcnJkZgCE"
"Let's get the win, Reds! ğŸ’ª

#MUFC || #FULMUN"
"Warming ğŸ†™

#MUFC || #FULMUN https://t.co/vUMI2t1lJN"
"AM9 ğŸ‡«ğŸ‡·

#MUFC || #FULMUN https://t.co/5NEAjFiqQE"
"The manager explains his decision to start @TyrellMalaciia... ğŸ’¬ 

#MUFC || #FULMUN"
"Ready for action ğŸ’ª

#MUFC || #FULMUN https://t.co/DV3Rc4a1pc"
"The Reds have arrived! ğŸ¤©

#MUFC || #FULMUN"
"Afternoon, boss ğŸ‘‹

#MUFC || #FULMUN https://t.co/LqspDYT4Tx"
"Presenting your United starting XI ğŸ‘Š

#MUFC || #FULMUN"
"Counting down to kick-off â³

#MUFC || #FULMUN https://t.co/soF6Vo58TD"
"Back on the road ğŸŸ

ğŸ—“ #PL matchday 14/38. 

#MUFC || #FULMUN https://t.co/MVWuvpvTQ5"
"ğŸ’¬ Hear from two United midfielders ahead of #FULMUN, as Erik's Reds look to finish on a high before the #FIFAWorldCup break ğŸ‘Š

#MUFC || #PL"
"ğŸ§  Full focus on #FULMUN. 

#MUFC || #PL https://t.co/uaFxKcwNnx"
"United heroes.

They sacrificed their freedom so we could have ours.

#RemembranceSunday"
"Coming up in Erik's matchday Q&amp;A... ğŸ¬

ğŸ”º The latest fitness updates
ğŸ”º Assessing the #FIFAWorldCup break
ğŸ”º A final word on #FULMUN

#MUFC"
"ğŸ”´ @AnthonyMartial
ğŸ”´ @B_Fernandes8 

#MUFC || #FULMUN"
"ğŸ¯ @B_Fernandes8 scored our first away goal of 2022/23, but who will score our last before the #FIFAWorldCup? ğŸ’­

#MUFC || #FULMUN"
"ğŸ’¼ Business trip.

#MUFC || #FULMUN"
#FULMUN ğŸŒ• https://t.co/mcuGMvbGUX
â¤ï¸ https://t.co/c5XjQ9Lja9
"ğŸ” Berba's locked his prediction in for Sunday.

Do you agree with our former striker? Have your say in United Predictions ğŸ“²ğŸ‘‡

#MUFC || #FULMUN"
"When you realise it's less than 24 hours until #FULMUN... 

ğŸ‡§ğŸ‡· @Casemiro 

#MUFC || #PL https://t.co/sodb3NcC52"
"ğŸ¡ Our young Reds have been drawn at home in the next round of the #PapaJohnsTrophy.  

#MUFC || #MUAcademy"
"Derby delight for our #MUAcademy U18s! ğŸ”´

Three second-half goals complete a comeback win away at Man City ğŸ’ª

#MUFC || #U18PL https://t.co/weGHpKKrWK"
"âšªï¸ Fulham ğŸ†š United ğŸ”´

ğŸ‡§ğŸ‡¬ Our former striker has a warning for the Reds ahead of our trip to the capital... 

#MUFC || #FULMUN"
"ğŸš Next stop: London 

#MUFC || #FULMUN https://t.co/Np6gfpzphM"
"ğŸš§ In the zone for Sunday's trip. 

#MUFC || #FULMUN https://t.co/lQluzRrZPb"
"ğŸ”‹ Recovery and preparation. 

#MUFC || #FULMUN https://t.co/vlUlw3Zugy"
"ğŸ™ï¸ Coming up: a trip to the captial for #FULMUN. 

#MUFC || #PL"
"It's derby day for our #MUAcademy U18s! 

Good luck lads ğŸ‘ŠğŸ”´

#MUFC || #U18PL"
"ğŸ’¬ The boss has given the latest on the return of two United defenders.

#MUFC || #FULMUN"
"ğŸ”™ at Old Trafford.
ğŸ”™ in the goals. 

@AnthonyMartial ğŸ”´

#MUFC || #CarabaoCup"
"ğŸ‡¦ğŸ‡· We'll be watching you with pride, @LisandrMartinez! â¤ï¸

#MUFC || #FIFAWorldCup"
"ğŸ A valuable learning experience for our young Reds tonight, as they fall to Monaco in the #PLInternationalCup 

#MUFC || #MUAcademy https://t.co/Xwoskx7gXu"
"â¸ï¸ Our U21s are goalless at the break, with Noah Emeran and Isak Hansen-Aaroen going closest for the Reds.

#MUFC || #MUAcademy https://t.co/V4dWG0wxRH"
"Dressed for the occasion ğŸ’¼

Our U21s will be playing their first match of the season at the Theatre of Dreams tonight âœ¨

#MUFC || #MUAcademy https://t.co/LvDha8Fjy0"
"ğŸš¨ #MUAcademy team news is in! âœ”ï¸

Our U21s are set to take on Monaco in the #PLInternationalCup at Old Trafford ğŸ‘ŠğŸ”´

#MUFC https://t.co/Cks3cUxk28"
"The boss has explained the reasons why he likes to select @AnthonyMartial in our no.9 role ğŸ‘Š

#MUFC || #FULMUN"
"ğŸ‡µğŸ‡¹ x ğŸ‡«ğŸ‡·

@B_Fernandes8 is a man of his word, @AnthonyMartial ğŸ˜‰

#MUFC || @TeamViewer https://t.co/q8a9C6HKYY"
"ğŸŸ A first Old Trafford outing of 2022/23 for our #MUAcademy U21s!

We face Monaco in #PLInternationalCup action at 19:00 GMT â¬‡

#MUFC"
"ğŸ“‹ Erik has provided an update on @Cristiano, @Antony00 and more ahead of #FULMUN. 

#MUFC || #PL"
"ğŸ‡ºğŸ‡¾ğŸ‡³ğŸ‡± @FPellistri07 and @TyrellMalaciia are heading to the #FIFAWorldCup! ğŸ‘

#MUFC"
"Lest We Forget. 

#RemembranceDay https://t.co/uWVbTFGSky"
"At the going down of the sun and in the morning, we will remember them. 

#RemembranceDay https://t.co/gUC8wZV5ym"
"6ï¸âƒ£0ï¸âƒ£ minutes in the tank! ğŸ”‹

ğŸ‡«ğŸ‡· @AnthonyMartial 

#MUFC || #CarabaoCup"
"â© Making forward strides. 

#MUFC || #CarabaoCup https://t.co/IpFchAZx3d"
"Making an entrance in the #CarabaoCup ğŸ‘Š

Two assists and your Player of the Match award for @AGarnacho7 âš¡ï¸

#MUFC https://t.co/YH4MMQAOYi"
"The delivery from @AGarnacho7 ğŸ‘Œ
The run from @McTominay10 âš¡ï¸

#MUFC || #CarabaoCup"
"ğŸ™Œ The boss. 

#MUFC || #CarabaoCup https://t.co/1F5mkoav8x"
"A first United appearance for @HecoDubravka: ğŸ‡¸ğŸ‡°âœ…

@TeamViewer â†”ï¸ #BringingYouCloser

#MUFC || #CarabaoCup https://t.co/gTq6M66cDc"
"First domestic cup tie and first win for the boss âœ…

#MUFC || #CarabaoCup"
"ğŸ«¶ A victory made all the more special by your incredible support. 

#MUFC || #CarabaoCup https://t.co/vJ5cTVmG8r"
ğŸ—³ğŸ‘‡
"ğŸ‘€ Choose our new cover photo ğŸ“¸ 

#MUFC || #CarabaoCup https://t.co/au4PpSU834"
"ğŸ’¬ ""It's always good to score goals at Old Trafford!"" ğŸ˜

#MUFC || #CarabaoCup"
"âœ… #FIFAWorldCup place secured
âœ… Goal and win v Aston Villa
âœ… #CarabaoCup Man of the Match

Today's a good day for @MarcusRashford! â¤ï¸

#MUFC https://t.co/i7yXeS9ecE"
"ğŸ”¢ United have been drawn at home to Burnley in the fourth round of the #CarabaoCup. 

#MUFC https://t.co/4HTxUHyJon"
"See you after the #FIFAWorldCup, Old Trafford â¤ï¸

#MUFC || #CarabaoCup https://t.co/BHbuMcdPEE"
"Tonightâ€™s #CarabaoCup Man of the Match: @MarcusRashford ğŸ‘ 

#MUFC https://t.co/8m0hFOyWd5"
"Who's getting your vote? ğŸ’­

#MUFC || #CarabaoCup"
"ğŸ”´ U N I T E D ğŸ”´

#MUFC || #CarabaoCup https://t.co/I0IImloVTc"
ğŸ˜˜ https://t.co/Lwz06A4ySp
"THAT was a cup tie! ğŸ˜…

#MUFC || #CarabaoCup"
"Into the last 16 of the #CarabaoCup! ğŸ©

#MUFC https://t.co/XQUrCANnu4"
"That delivery from @AGarnacho7 ğŸ’«

#MUFC || #CarabaoCup"
"SCOTT MAKES IT FOUR! ğŸ”¥

#MUFC || #CarabaoCup https://t.co/TZ9thgteku"
"ğŸ”„ On comes @LisandrMartinez! 

#MUFC || #CarabaoCup https://t.co/5jzQhdjHe5"
"Ice cold, @B_Fernandes8 ğŸ¥¶

#MUFC || #CarabaoCup https://t.co/20uUSJrJmx"
"ğŸ”„ A late change for the Reds. 

Well played, @MarcusRashford! ğŸ‘

#MUFC || #CarabaoCup https://t.co/UBhJWEicoh"
"YESSSSS! BRUNOOOOO! 

#MUFC || #CarabaoCup https://t.co/c3YXJsdSp1"
"ğŸ” Searching for the gameâ€™s fifth goal. 

#MUFC || #CarabaoCup https://t.co/vDVcjBxbrY"
"United goal: 1ï¸âƒ£0ï¸âƒ£1ï¸âƒ£ 

ğŸ”´ @MarcusRashford 

#MUFC || #CarabaoCup https://t.co/w1Ex0BggF4"
"ğŸ¯ @MarcusRashford levels things up again! ğŸ’ª

#MUFC || #CarabaoCup https://t.co/mFCn92Z5X5"
"MARCUSSSSS! 

#MUFC || #CarabaoCup https://t.co/7jN7Cal3Kp"
"ğŸ”„ Erik makes United's first changes of the evening. 

#MUFC || #CarabaoCup https://t.co/OIv3jUjxTN"
"Goal. Aston Villa retake the lead. 

#MUFC || #CarabaoCup"
"8ï¸âƒ£ @B_Fernandes8 ğŸ”´

#MUFC || #CarabaoCup https://t.co/hPaCY5bAWP"
"An excellent response. 

Letâ€™s kick on, Reds! ğŸ‘Š

#MUFC || #CarabaoCup https://t.co/5oyFjQjqzH"
"ğŸ”“ Opening his Old Trafford account for 2022/23. 

#MUFC || #CarabaoCup https://t.co/1veuzoSfd5"
"INSTANT REPLY! âš¡ï¸

#MUFC || #CarabaoCup https://t.co/Aou7Fb7iT7"
"Goal. Watkins opens the scoring for Aston Villa. 

#MUFC || #CarabaoCup"
"â–¶ï¸ The visitors get the second half under way. 

Come on, United! ğŸ”´

#MUFC || #CarabaoCup"
"All square at the interval. 

#MUFC || #CarabaoCup https://t.co/1PojwYwweG"
"ğŸ”€ On the United left. 

@TyrellMalaciia ğŸ¤ @MarcusRashford 

#MUFC || #CarabaoCup https://t.co/vCR01OUlKK"
"ğŸ¤ @DalotDiogo goes close! 

Keep pushing for the opener, Reds ğŸ’ª

#MUFC || #CarabaoCup https://t.co/rYUDP5HRRo"
"Getting stuck in ğŸ‘ŠğŸ”´

#MUFC || #CarabaoCup https://t.co/1h8IZDFxph"
"We will remember them â¤ï¸

#LestWeForget https://t.co/ltYZ9olKqm"
"â–¶ï¸ Following a period of remembrance including the Last Post, we're under way. 

Let's do this, United ğŸ‘Š

#MUFC || #CarabaoCup"
"ğŸ”Š U-N-I-T-E-D â¤ï¸

#MUFC || #CarabaoCup"
"ğŸ’« @MarcusRashford 

#MUFC || #CarabaoCup https://t.co/fkTQ216YRz"
"Stay for @B_Fernandes8â€™s powerful finish ğŸš€ 

#MUFC || #CarabaoCup https://t.co/wJFgGvAnnq"
Shoutout to the United fans all over the world â¤ï¸ https://t.co/XhMEVVmDF5
"â„¹ï¸ The boss has explained why @Sanchooo10, @Cristiano and @Antony00 aren't involved in tonight's #CarabaoCup tie.

#MUFC"
"ğŸ”Š A word on @AnthonyMartial's return to the starting line-up from the boss! 

#MUFC || #CarabaoCup"
"Straight to work, lads ğŸ‘Š 

#MUFC || #CarabaoCup https://t.co/SAIqQ5wTRr"
"ğŸŸ #CarabaoCup ready ğŸ‘Š 

#MUFC https://t.co/3dlG7UsBs5"
"A United debut for @HecoDubravka ğŸ’ª

#MUFC || #CarabaoCup https://t.co/tEiR7B4yyI"
"ğŸ”´ Presenting tonight's United line-up... 

#MUFC || #CarabaoCup"
"ğŸ’­ Name three players you expect to see in our starting line-up tonight... ğŸ‘‡

#MUFC || #CarabaoCup"
"ğŸ‘€ Coming soonâ€¦ 

#MUFC || #CollectUnited https://t.co/2Yy1Qg7KZT"
"ğŸ”´ @AGarnacho7 
ğŸ”´ @Donny_Beek6 
ğŸ”´ @LisandrMartinez 

#MUFC || #CarabaoCup https://t.co/aqJYVa135E"
"ğŸ‘‹ @D_DeGea 

#MUFC || #CarabaoCup https://t.co/eiXypIqwyt"
"The Reds are in the building! ğŸ 

#MUFC || #CarabaoCup"
"Three more Reds are on the plane! âœˆï¸ğŸ†

@Cristiano, @B_Fernandes8 and @DalotDiogo have all been selected in Portugal's #FIFAWorldCup squad ğŸ‘ŠğŸ‡µğŸ‡¹

#MUFC"
"Where in the world are you following United v Villa from tonight? ğŸŒ

#MUFC || #CarabaoCup"
"Evening, boss ğŸ‘Š

#MUFC || #CarabaoCup https://t.co/8tmgn20WTY"
"ğŸ´ó §ó ¢ó ³ó £ó ´ó ¿ @McTominay10 with the precise header against Villa in the cup! ğŸ¯

@TeamViewer || #BringingYouCloser"
"ğŸ´ó §ó ¢ó ¥ó ®ó §ó ¿ @HarryMaguire93
ğŸ´ó §ó ¢ó ¥ó ®ó §ó ¿ @LukeShaw23
ğŸ´ó §ó ¢ó ¥ó ®ó §ó ¿ @MarcusRashford

Congratulations to the three Reds who are heading to Qatar with the #ThreeLions! ğŸ‘

#MUFC || #FIFAWorldCup"
"Back home for the final time before the #FIFAWorldCup âœŠğŸ”´

#MUFC || #CarabaoCup"
"A strong start in red ğŸ”´

@Casemiro collects his October Player of the Month award ğŸ…

#MUFC https://t.co/yfjrkQNeCG"
"Our star man from October has shared a message of unity ahead of tonight's #CarabaoCup opener âœŠ

ğŸ—¯ @Casemiro

#MUFC"
"Congratulations, @EllaToone99 â€” weâ€™re proud to have you! â¤ï¸

#MUFC || #MUWomen"
"How do you think we'll line up for tonight's #CarabaoCup opener? ğŸ¤”

Play United Predictions now ğŸ“²

#MUFC"
"ğŸ“ˆ The boss believes there are two key factors to making his United ambitions a reality...

#MUFC || #CarabaoCup"
"Our #CarabaoCup campaign kicks off at Old Trafford! ğŸ†

#MUFC"
"Applying the finishing touches to our #CarabaoCup preparations ğŸ’ª

#MUFC"
"ğŸ‡«ğŸ‡· @RaphaelVarane has been selected in France's #FIFAWorldCup squad ğŸ‘Š

Congratulations, Rapha! 

#MUFC"
"ğŸ—£ Erik has provided insight into how he plans to utilise the fast-approaching winter break...

#MUFC || #CarabaoCup"
"This time tomorrow...

A last outing at Old Trafford before the #FIFAWorldCup ğŸ“

#MUFC || #CarabaoCup https://t.co/Fdw104HPhw"
"ğŸ’¯ How does United's latest goal centurion enjoy his downtime?

The answer: ğŸ§©

#MUFC || @MarcusRashford"
"Life under Erik ten Hag âœ”ï¸
Our new signings âœ”ï¸
Giving back to our fans âœ”ï¸

ğŸ‡«ğŸ‡· @AnthonyMartial is up next in the @TeamViewer Player Diaries chair â¬‡ï¸ 

#MUFC || #BringingYouCloser"
"Fully focused on tomorrow night's task ğŸ§ 

#MUFC || #CarabaoCup"
"Getting set for the #CarabaoCup ğŸ’ªğŸ”´

#MUFC https://t.co/uRTmClTCcK"
"Charging up ğŸ”‹

#MUFC || #CarabaoCup https://t.co/ts5RLYLFL3"
"Wednesday workout âœ…

#MUFC || #CarabaoCup https://t.co/xKDvhWCBo5"
"ğŸ’¬ Erik was asked about the fitness of @Sanchooo10, @Antony00 and @AnthonyMartial in today's fan press conference...

#MUFC || #CarabaoCup"
"ğŸš¨ This is your ğŸ”Ÿ-minute warning.

Head to our website or app from 16:00 GMT to watch Erik's fan press conference ğŸ’¬

#MUFC"
"ğŸ¬ Coming up at 16:00 GMT: an audience with Erik for representatives from our Supporters' Clubs...

#MUFC"
"A double-header against Spanish opposition awaits for Erik's men in December âš”ï¸ğŸ‡ªğŸ‡¸

#MUFC"
"ğŸ“– Our #CarabaoCup third-round edition of United Review is now available for order â¤µï¸

#MUFC"
"â„¹ï¸ The @PremierLeague has revealed some key dates for 2023/24 ğŸ‘‡

#MUFC || #PL"
"ğŸ¨ Taking his creativity to the international stage.

We can't wait to see you at the #FIFAWorldCup, @ChrisEriksen8 ğŸ‡©ğŸ‡°

#MUFC"
"Setting our sights on the #CarabaoCup ğŸ‘Š

#MUFC"
"ğŸ—£ï¸ ""Bring on Barcelona!"" says @D_DeGea in today's United Daily...

#MUFC"
Happy #Gurpurab to all of our Sikh supporters on this blessed day! ğŸ† https://t.co/BVpdWdd460
"For his services to football and charity, we present to you: Rio Ferdinand OBE ğŸ–ï¸

The United family shares your pride, @RioFerdy5 â¤ï¸

#MUFC"
"ğŸ—£ ""Playing against the best teams is always a challenge.""

@D_DeGea shares his thoughts on facing Barcelona in the #UEL ğŸ‘Š

#MUFC"
"ğŸ” Taking a look at how we're shaping up for Thursday's Old Trafford return...

#MUFC || #CarabaoCup"
"ğŸ‡§ğŸ‡· Midfield men.

@Casemiro x @Fred08Oficial 

#MUFC || #CarabaoCup https://t.co/dKQWMzVfl1"
"Getting set for the #CarabaoCup ğŸ‘Š

#MUFC https://t.co/1FcqdjqE2X"
"Dialling up the intensity â˜ï¸âš¡ï¸

#MUFC || #CarabaoCup https://t.co/at5YsGKQ5Y"
"Back to the grind ğŸ’ª

#MUFC || #CarabaoCup https://t.co/iZV5Mnatiq"
"Shifting the focus to our #CarabaoCup opener ğŸ‘Š

#MUFC https://t.co/kKFBGC07Ki"
"ğŸ‡¹ğŸ‡³ The Tunisia international registered an assist as he impressed over the weekend ğŸ‘

#MUFC || #MUAcademy"
"When you hear you've made the #FIFAWorldCup squad â¤ï¸ğŸ‡§ğŸ‡·

Congratulations to all four of our Brazilian Reds! ğŸ‘ğŸ†

#MUFC || @Antony00"
"ğŸ¤³ @D_DeGea appreciates your support â¤ï¸

#MUFC https://t.co/RxBV7UVWEy"
"Our #MUAcademy needs your help ğŸ«µ

The U18s' thrilling #FAYouthCup triumph in May is up for Moment of the Season at the @NWFAwards ğŸ†

To vote, just tweet the hashtag: #ARMSTRONGMOMENTA ğŸ—³ï¸

#MUFC https://t.co/KRfMNyeIpR"
"Ready to run it back in February ğŸ‘Š

#MUFC || #UELdraw https://t.co/TTrLUEm9Vv"
"Thoughts? ğŸ’­ğŸ‡ªğŸ‡¸

#MUFC || #UELdraw"
"âš”ï¸ Our next opponents in the #UEL: Barcelona ğŸ‡ªğŸ‡¸

#MUFC || #UELdraw"
"ğŸ—³ The draw for the #UEL knockout round play-offs gets under way in 1ï¸âƒ£5ï¸âƒ£ minutes...

#MUFC || #UELdraw"
"Have a great day, @RioFerdy5 ğŸ«¶

#MUFC https://t.co/5nvigELYIT"
"Wishing you a happy birthday, @D_DeGea ğŸˆ

#MUFC https://t.co/q46cxvSKzV"
"The boss has had his say on today's disappointing result.

#MUFC || #AVLMUN"
"ğŸ’¬ ""It's a lesson for us for the next games. We have to start much quicker, much sharper.""

Post-match reaction from Diogo Dalot ğŸ‘‡

#MUFC || #AVLMUN"
"Defeat at Villa Park.

#MUFC || #AVLMUN"
"Into the final 10 minutes.

#MUFC || #AVLMUN https://t.co/Dr3XsT60iG"
"ğŸ”„ A triple change for United.

#MUFC || #AVLMUN https://t.co/vueN0jyOrK"
"Goal. 3-1.

#MUFC || #AVLMUN"
"Back under way at Villa Park. Let's go, Reds ğŸ‘Š

#MUFC || #AVLMUN"
"Let's keep pushing, lads! 

#MUFC || #AVLMUN https://t.co/pgQU0GI7F3"
"Work to do after the break, but we're right back in this one! 

#MUFC || #AVLMUN"
"LUKE PULLS ONE BACK!

#MUFC || #AVLMUN https://t.co/OTUoHEJ9zq"
"Thirty minutes played at Villa Park.

#MUFC || #AVLMUN https://t.co/aUkBKq6OAC"
"Goal. 2-0.

#MUFC || #AVLMUN"
"Goal. Aston Villa strike first.

#MUFC || #AVLMUN"
"UP THE REDS! ğŸ™Œ

#MUFC || #AVLMUN"
"Let's go, @AGarnacho7! ğŸ˜¤

#MUFC || #AVLMUN https://t.co/Urs9B1g8PR"
"Getting ready! â˜”ï¸

#MUFC || #AVLMUN https://t.co/VwNuDJ6JVe"
"Another start for @AGarnacho7! ğŸ‘€

Here's what the boss had to say ahead of today's game ğŸ‘‡

#MUFC || #AVLMUN"
"Today's skipper: @Cristiano ğŸ’ª

#MUFC || #AVLMUN https://t.co/gx5QuLz8X6"
"Welcome back to the matchday squad, Tony ğŸ¤—

#MUFC || #AVLMUN https://t.co/4YIP7LOAvo"
"â¤ï¸

#MUFC || #AVLMUN https://t.co/ZV4d4WjZB9"
"ğŸ“ Villa Park

#MUFC || #AVLMUN https://t.co/WIz6hyAcWD"
"EtH ğŸ‡³ğŸ‡±âœŠ

#MUFC || #AVLMUN https://t.co/0OIsViXuTE"
"ğŸš¨ TEAM NEWS! ğŸš¨

Erik makes one change from Thursday's win in Spain, with @MarcusRashford coming in for the suspended @B_Fernandes8.

#MUFC || #AVLMUN"
"Today: the first of two consecutive games against Aston Villa ğŸ‘Š

Hear from @HarryMaguire93 on an important few days for United...

#MUFC || #AVLMUN"
"ğŸš¨ United Predictions reminder ğŸš¨

Remember to get your guesses in for #AVLMUN â€“ here's some info to help â¬‡

#MUFC || #PL"
"Checking decision...

Matchday given âœ… 

#MUFC || #AVLMUN https://t.co/6pyffUDj4E"
"âšªï¸ On the road in our away kit. 

#MUFC || #AVLMUN"
"ğŸ›£ï¸ Destination: Villa Park.

#MUFC || #AVLMUN"
"â– Team news
â– @B_Fernandes8's absence
â– Defensive efforts

Lots for the manager to discuss ahead of #AVLMUN ğŸ’¬

#MUFC || #PL"
"A first #PL outing for our 2022/23 away kit on Sunday âšªï¸

#MUFC || #AVLMUN"
"A rocket from @HayleyLadd ğŸš€

Our Reds face Chelsea in a top-of-the-table clash at @LSVStadium tomorrow â€” we hope to see you there! ğŸ¤

@TeamViewer â†”ï¸ #BringingYouCloser"
Manchester remembers them. https://t.co/GJiomLZTeU
"âš–ï¸ All square at the break.

Rhys Bennett opened the scoring early on with a header but his goal was cancelled out by Borges.

#MUFC || #MUAcademy https://t.co/EWuH3qg7kI"
"Today's team news for our #PL2 derby...

Come on United! ğŸ”´

#MUFC || #MUAcademy https://t.co/kNaYmA1JP4"
"â¹ï¸ A thrilling #PLCup tie ends level at Carrington.

#MUFC || #MUAcademy https://t.co/Y6X0AFgomH"
"Our next opponents...

Aston Villa âš”ï¸

#MUFC || #AVLMUN"
"ğŸ¥ Presenting our Goal of the Month for October...

@Antony00 ğŸ†š Man City!

#MUFC || #PL https://t.co/Vy8YJ9Fij5"
"ğŸ”´ A reliable servant and a worthy competitor.

We wish former Red @3GerardPique a prosperous retirement ahead of his final match later today.

#MUFC"
"ğŸ‘€ A big double-header awaits for our #MUAcademy sides today... 

ğŸ”´ U18s ğŸ†š Arsenal (11:00 GMT)
ğŸ”´ U21s ğŸ†š Man City (13:30 GMT)

#MUFC https://t.co/UFkksUY1xO"
"ğŸ† Our thrilling #FAYouthCup victory is in the running for the @NFWAwards Moment of the Season ğŸ™Œ

To vote for us, tweet using the hashtag #ARMSTRONGMOMENTA

#MUFC || #MUAcademy https://t.co/JwiN5C5aFW"
"â³ A late equaliser for #MUAcademy U21s!

Marc Jurado's #PL2 finish is up for our latest Goal of the Month award ğŸ’ª

#MUFC"
"ğŸ—£ï¸ ""The team spirit is good, so let's keep that going.""

Hear from the boss in the final United Daily of the week...

#MUFC"
"ğŸŸ This winter, we're hosting a stadium sleepout at Old Trafford to raise money for @MU_Foundation and youth homeless charity @CentrePointUK.

To support those facing hardship, weâ€™re asking you to swap your bed for a sleeping bag and make a difference to those who need it.

#MUFC"
"Recovery time ğŸ”‹

#MUFC https://t.co/iy3lbXqBHB"
"ğŸ´ó §ó ¢ó ¥ó ®ó §ó ¿ @MarcusRashford ğŸ¯

#MUFC https://t.co/T0ElcGquXI"
"ğŸ‡ªğŸ‡¸ New surroundings, same principles âœ”ï¸

#MUFC https://t.co/tJF4NRyLeD"
"Ready to get back to work ğŸ‘Š

#MUFC https://t.co/yA5kKfdQDJ"
"A picture tells a thousand words.

But sometimes, all you need is 7.

#MUFC || @adidasFootball"
"ğŸ´ó §ó ¢ó ¥ó ®ó §ó ¿ @Sanchooo10
ğŸ‡«ğŸ‡· @AnthonyMartial
ğŸ‡§ğŸ‡· @Antony00

Erik admits he must wait on the availability of this attacking trio ahead of Sunday...

#MUFC || #AVLMUN"
"@TheFootyChap @adidasfootball Even more so from the full video!

https://t.co/5oGw5nIn1S"
"@safs_lad @adidasfootball Then you're going to love the full version... ğŸ‘€

https://t.co/5oGw5nqdNK"
"@mattblake94 @adidasfootball Got it. How about this? â¬‡ï¸ 

https://t.co/3lX0Bu7WdY"
"Hard work pays off ğŸ‘Š

After 8ï¸âƒ£ goal contributions for our #MUAcademy in October, Shola Shoretire is a #PL2 Player of the Month nominee!

#MUFC"
"ğŸ“• The story of the 7, as told by those who know it best.

#MUFC || @adidasFootball"
"ğŸ’¬ Our ambition remains clear.

#MUFC || #UEL https://t.co/iqaLaOVzBk"
"â„¹ï¸ Confirmation of our potential #UEL knockout round play-off opponents.

#MUFC"
"A special moment for @AGarnacho7 and our #MUAcademy on Thursday night.

#MUFC || #UEL"
"Back-to-back #UEL Man of the Match awards for @AGarnacho7! ğŸ‘

#MUFC"
"Take the positives and carry on ğŸ‘Š

That's the message from @B_Fernandes8 after Thursday's win â¬‡

#MUFC || #UEL"
"From Moldova to Cyprus to Spain.

Thank you for your support around Europe so far, Reds â¤ï¸

#MUFC || #UEL https://t.co/aMjFXb6foG"
"ğŸ‘ Another clean sheet for @D_DeGea.

#MUFC || #UEL https://t.co/lz7sbkjail"
"ğŸ Closing out our #UEL group campaign with a win.

#MUFC"
"Erik makes another double-change as we enter the final stages.

#MUFC || #UEL https://t.co/ROxjrynaE0"
"ğŸ”€ Time to mix things up...

#MUFC || #UEL https://t.co/CtZ8eKYDyG"
"Working hard in midfield âš”ï¸

#MUFC || #UEL https://t.co/obkehUjyIw"
"Time to push for that crucial second goal in Spain.

Let's go! ğŸ‘Š 

#MUFC || #UEL"
"Thoughts on the opening 45 minutes? 

#MUFC || #UEL https://t.co/VikyhAxeN1"
"Advantage United at the break ğŸ’ª

#MUFC || #UEL"
That @D_DeGea double save...
"New kid on the block.

#MUFC || #UEL https://t.co/CJGW4LdvRb"
Scored it ğŸ‘‡                   Made it ğŸ‘‡ https://t.co/sjIDxCnMA5
"BRILLIANT BY ALEJANDRO GARNACHOOOOO!

#MUFC || #UEL https://t.co/gx2xoVxEw4"
"XI ğŸŸ¢

#MUFC || #UEL https://t.co/eB1ZY0ZsL4"
"â–¶ï¸ Off we go â€“ come on United!

#MUFC || #UEL"
"Ready to lead the line.

7ï¸âƒ£ @Cristiano 

#MUFC || #UEL https://t.co/6k70MV6gBN"
"Which player will make the difference for United this evening? ğŸ’­

#MUFC || #UEL https://t.co/k7hAiIED6s"
"It's warm-up time! â±

#MUFC || #UEL"
"â– The return of @Donny_Beek6 
â– Our gameplan for tonight

More insight from the boss ğŸ‘‡

#MUFC || #UEL"
"Let's go, @Donny_Beek6 ğŸ‘Š

#MUFC || #UEL https://t.co/ozSqKGYufd"
"ğŸŸï¸ Reale Arena: weâ€™re here.

#MUFC || #UEL https://t.co/ymHT8NSAUt"
"A closer look around the away changing room! ğŸ” 

#MUFC || #UEL"
"ğŸ“¨ Just in: this evening's United line-up...

#MUFC || #UEL"
"A bullet header from @MarcusRashford ğŸ’¥

#MUFC || #UEL https://t.co/5Gv3xDrzJp"
"â˜„ï¸ @Antony00
ğŸ‘ @D_DeGea

Our two #PL award nominees for October need your votes! ğŸ«µ

#MUFC || @PremierLeague"
"Third kit x European nights 

#MUFC || #UEL"
"ğŸ‡§ğŸ‡· @Casemiro claimed an impressive 3ï¸âƒ£4ï¸âƒ£% of the vote to edge out his team-mates to claim the award ğŸ‘

#MUFC"
"ğŸ§± The cement between the stones.

After a string of strong performances, @Casemiro has been voted our Player of the Month! ğŸ’ªğŸ”´

#MUFC https://t.co/mY0gEguFwf"
"Good morning, Reds! 

#MUFC || #UEL https://t.co/rfkTK9YAWU"
"We're just getting started.

Creating a new generation of leaders with @Stormzy and #MerkyFC ğŸ¤

#MUFC || @adidasFootball"
"Happy birthday to our top Red from Trinidad and Tobago! â¤ï¸ğŸ‡¹ğŸ‡¹

#MUFC https://t.co/6v6z4H3Ew7"
"ğŸ¯ @Cristiano 

Our no.7 scored United's last #UEL goal, but will he score the next? ğŸ’­

#MUFC"
"ğŸ“‹ Four final fixtures before the #FIFAWorldCup...

#MUFC https://t.co/RKyGyu8jwr"
"Our final #UEL group-stage fixture awaits! ğŸ‘ŠğŸŸ¢

#MUFC"
"ğŸ«¶ @Casemiro's response. 

#MUFC https://t.co/yv3ER20lr0"
"Thursday's objective is clear for the boss and @Casemiro ğŸ‘Š

#MUFC || #UEL"
"ğŸ“Œ San Sebastian 

#MUFC || #UEL https://t.co/sf3kIHr910"
"ğŸ“‹ The boss has explained why two of our forwards haven't travelled for Thursday's #UEL encounter... 

#MUFC"
"ğŸ”Š ""You can't win anything in this moment in the season, it's a game-by-game [process],"" Erik adds. 

""Good is not good enough, and tomorrow we have a chance to do it even better."" ğŸ¤›

#MUFC || #UEL"
"ğŸ’¬ Erik: ""We know what we have to do [to win the group].

""It's a different team [to the reverse fixture], we are growing and developing, so we are confident. We like the challenge."" ğŸ‘Š

#MUFC || #UEL"
"ğŸ¥ Erik and @Casemiro will be live for today's press conference at 18:15 GMT. 

Head to our app to watch along ğŸ“²â¤µï¸

#MUFC || #UEL"
"ğŸ´ó §ó ¢ó ¥ó ®ó §ó ¿ğŸ›«ğŸ›¬ğŸ‡ªğŸ‡¸

#MUFC || #UEL https://t.co/U8GgozjkDg"
"âœˆï¸ Getting set for take-off. 

#MUFC || #UEL https://t.co/hCVRKYcRO2"
"ğŸ“† Adding another friendly match to our calendar in December...

ğŸŸ¢ğŸ†šğŸ”´

#MUFC"
"High spirits ğŸ“ˆ
Higher work rate ğŸ’ª

#MUFC || #UEL"
"âš¡ï¸ Training with a purpose. 

#MUFC || #UEL https://t.co/h7F4cvc1BO"
"âš½ï¸ @MarcusRashford ğŸ’«

#MUFC || #UEL https://t.co/rCmuF3NIkw"
"Afternoon, boss ğŸ‘‹

#MUFC || #UEL https://t.co/rHVqSSlfH7"
"ğŸ˜¤ Focused from the off. 

#MUFC || #UEL https://t.co/OOG741D4ci"
"ğŸ›« Our 23-man travelling squad for Real Sociedad has been confirmed.

#MUFC || #UEL"
"ğŸ›£ï¸ Last time out on the road in the #UEL...

âš½ï¸âš½ï¸ @MarcusRashford
âš½ï¸ @AnthonyMartial 

#MUFC https://t.co/UZup8Sep3d"
"ğŸ‡¸ğŸ‡ª @VLindelof is back in training! ğŸ’ª

#MUFC || #UEL"
"See you next summer, @England! ğŸ´ó §ó ¢ó ¥ó ®ó §ó ¿

#MUFC || #ThreeLions"
"A powerful header from @DalotDiogo ğŸ’ª

#MUFC || #UEL https://t.co/jCd5AFRIKh"
"A fine finish from @B_Fernandes8 ğŸ‘

Our no.8's strike against Tottenham is up for our October award â€” vote now in our app â¤µï¸

#MUFC"
"Making a difference ğŸ‘

How the @MU_Foundation helped educate the local community during #BlackHistoryMonth â¬‡ï¸

#MUFC"
"Yep, we like that! ğŸ”¥

Our 4ï¸âƒ£ Player of the Month nominees for October â€” who's getting your vote? ğŸ’­

#MUFC"
"Celebrating 1ï¸âƒ£0ï¸âƒ£0ï¸âƒ£ goals in style ğŸ˜

We're giving away a commemorative Rashford 100 shirt to one lucky Red! ğŸ™Œ

#MUFC || @MarcusRashford"
"ğŸ’­ @LukeShaw23 explains in United Daily why the #UEL is so important for our squad this season ğŸ‘‡

#MUFC"
"See you in December, Cadiz ğŸ‘ŠğŸ‡ªğŸ‡¸

#MUFC"
"ğŸ‡µğŸ‡¹ @DalotDiogo
ğŸ‡¦ğŸ‡· @LisandrMartinez
ğŸ‡§ğŸ‡· @Casemiro
ğŸ´ó §ó ¢ó ¥ó ®ó §ó ¿ @MarcusRashford

Voting for our October Player of the Month award is now open... ğŸ”“

#MUFC"
"ğŸš¨ Tickets are now on sale for our December friendly against Cadiz ğŸ‡ªğŸ‡¸

#MUFC"
"â„¹ï¸ An inside look at both camps ahead of Thursday's #UEL showdown... 

#MUFC"
"Switching our attention to Thursday's all-important final group game ğŸ‘Š

#MUFC || #UEL"
"A United front ğŸ¤œâ¤ï¸

Watch an additional scene from @D_DeGea's 5ï¸âƒ£0ï¸âƒ£0ï¸âƒ£ interview dedicated to his team-mates â¤µï¸

#MUFC"
"ğŸ“ˆ @D_DeGea's recent form has been ğŸ”¥

#MUFC"
"ğŸ§  Focused on the week ahead. 

#MUFC https://t.co/3sZFUvn3LV"
"âš½ï¸ Working the ball. 

#MUFC https://t.co/ASDQj7kRHK"
"Bonjour, @AnthonyMartial ğŸ‘‹

#MUFC https://t.co/yiJz64j53A"
"Recovery mode: ğŸ”›ğŸ”‹

#MUFC || #PL https://t.co/8q9eRPTb6k"
"In good spirits at base! ğŸ˜ğŸ“

#MUFC https://t.co/1rfLvLrn9Q"
"4ï¸âƒ£6ï¸âƒ£7ï¸âƒ£ appearances âœ”ï¸
1ï¸âƒ£6ï¸âƒ£3ï¸âƒ£ goals âš½

Join us in wishing United legend Mark Hughes a happy birthday! ğŸˆ

#MUFC https://t.co/pdtxZ9qEM2"
"ğŸ—¯ ""Amad was amazing today. Really impressive."" 

Keep at it, @AmadDiallo_19 ğŸ‘ğŸ“ˆ

#MUFC"
"Love Unites. Love United ğŸŒâ¤ï¸

#MUFC"
"Recovered from the weekend and back to work âœ…

#MUFC"
"Straight out of the top drawer ğŸš«

ğŸ‘ @D_DeGea

#MUFC || #DaveSaves"
"ğŸ¤© From boy to man. 

The first of ğŸ’¯ United goals for @MarcusRashford ğŸ”¥

#MUFC"
"Love that, @LisandrMartinez ğŸ’ªâ¤ï¸

#MUFC || #MUNWHU"
"Former striker @DanielWebber81 tells United Daily why he's optimistic for our squad going forward ğŸ‘€â¬‡ï¸

#MUFC"
"Great to see you back out there, @AnthonyMartial! ğŸ’ª

#MUFC"
"ğŸƒ Wishing you all a #HappyHalloween â€” from the Red Devils ğŸ‘¹

#MUFC https://t.co/vvPhRSxPBA"
"ğŸ“‹ A word from the boss on our winter training camp, and our friendly fixtures! ğŸ’ª

#MUFC"
"ğŸ‡ªğŸ‡¸ The Reds will take on La Liga side Cadiz during our winter break in December! ğŸ‘Š

#MUFC"
"The post-match love for @MarcusRashford was real ğŸ’¯â¤ï¸

#MUFC https://t.co/1FAu40tj6r"
"What a player ğŸ’ª

Join us in wishing Denis Irwin a happy birthday! ğŸˆ

#MUFC https://t.co/uu7sH8PrKK"
"ğŸ¦¾ A midfield machine.

ğŸ‡§ğŸ‡· @Casemiro 

#MUFC https://t.co/MP8swpZ9Wi"
"Keep on making good progress, @RaphaelVarane! ğŸ’ª

#MUFC"
"Happy 25th to one of our own ğŸ‘Š

Keep shining, @MarcusRashford ğŸ’«

#MUFC https://t.co/tjXdUYFfOT"
"How it started ğŸ†š How it's going

@MarcusRashford is all the #MondayMotivation we need â¤ï¸

#MUFC https://t.co/kr4CKisYRq"
"â¤ï¸ Our homegrown hero. 

ğŸ”Ÿ @MarcusRashford

#MUFC"
"4ï¸âƒ£,1ï¸âƒ£6ï¸âƒ£4ï¸âƒ£ consecutive matches with a homegrown player in our squad. 

An incredible achievement, #MUAcademy ğŸ‘

#MUFC"
"With over 50 per cent of your votes, @D_DeGea claims our Man of the Match award ğŸ‘

#MUFC || #MUNWHU https://t.co/MjrfZ1jqBR"
"ğŸ§¤ Coming up clutch. 

â›”ï¸ @D_DeGea 

#MUFC || #MUNWHU"
"@ManUtdWomen Great win, team! ğŸ‘"
"Landmark: achieved âœ…

ğŸ’¯ @MarcusRashford 

#MUFC || #MUNWHU"
"An impressive performance, @D_DeGea ğŸ‘

#MUFC || #MUNWHU"
"â¤ï¸ Made in Manchester.

An incredible sequence that's 85 years strong, and long may it continue.

#MUFC || #MUAcademy https://t.co/8Ajf2R7GiK"
"United's fighting spirit pleased the boss ğŸ‘Š

#MUFC || #MUNWHU"
"â›”ï¸â›”ï¸â›”ï¸â›”ï¸â›”ï¸

5ï¸âƒ£ consecutive Old Trafford clean sheets! ğŸ‘ 

#MUFC || #MUNWHU https://t.co/Z7pxxAzSrm"
"ğŸ’¯ğŸ†™

@MarcusRashford has a message for you, Reds! ğŸ’¬

@TeamViewer â†”ï¸ #BringingYouCloser https://t.co/efzQpt9EeK"
"Fighting until the end. The United way âœŠ

#MUFC || #MUNWHU"
"Check out our new cover photo ğŸ¥°

#MUFC || #MUNWHU"
"ğŸ‡¦ğŸ‡· ""Argentina! Argentina! Argentina!"" â¤ï¸

#MUFC || #MUNWHU https://t.co/ztRUa8woiN"
"There can only be one winner! ğŸ‘€

#MUFC || #MUNWHU"
"These two â¤ï¸

@ChrisEriksen8 ğŸ¤ @MarcusRashford 

#MUFC || #MUNWHU https://t.co/QdKyGh5kEs"
"A big moment! ğŸ‘

â›”ï¸ @D_DeGea 

#MUFC || #MUNWHU https://t.co/BR0zYMl49Y"
"All of us right now ğŸ˜

â¤ï¸ @MarcusRashford 

#MUFC || #MUNWHU https://t.co/MMsqBVAFwj"
"aaaaand relax! ğŸ˜…

#MUFC || #MUNWHU"
"DAVID. DE. GEA! ğŸ‘ 

#MUFC || #MUNWHU"
"Job done! âœ…

#MUFC || #MUNWHU"
"ğŸ”´ @DalotDiogo ğŸ‘Š

#MUFC || #MUNWHU https://t.co/QdUzbxlQfV"
"ğŸ”„ Erik makes a second change for the Reds â€” let's go, @Fred08Oficial! ğŸ‘Š

#MUFC || #MUNWHU https://t.co/tJ983v9dga"
"ğŸ—£ Into the final 2ï¸âƒ£0ï¸âƒ£ minutes at Old Trafford.

#MUFC || #MUNWHU https://t.co/ONiAca9TsR"
"ğŸ‡©ğŸ‡° @ChrisEriksen8 ğŸ’« 

#MUFC || #MUNWHU https://t.co/RcvYUbTa8q"
"ğŸ”„ United's first change of the afternoon. 

Let's go, Scott! ğŸ’ª

#MUFC || #MUNWHU https://t.co/VkSResT25e"
"ğŸ’¡ Under the lights. 

#MUFC || #MUNWHU https://t.co/LZutkvXVjj"
"The bravery, Licha ğŸ‘ 

#MUFC || #MUNWHU"
"Come on, United! ğŸ”´

#MUFC || #MUNWHU"
"A big second half ahead ğŸ‘Š 

#MUFC || #MUNWHU https://t.co/bj7kr42ikb"
"ğŸ«¶ Thatâ€™s what it means. 

ğŸ”´ @MarcusRashford 

#MUFC || #MUNWHU https://t.co/945akvwc6X"
"ğŸ’¯ A United centurion. 

Congratulations, @MarcusRashford! ğŸ‘ 

#MUFC https://t.co/HpI2c6VUso"
"A goal to the good at the break, thanks to @MarcusRashford's header! âœ…

#MUFC || #MUNWHU"
"ğŸ”´ @ChrisEriksen8 ğŸ¤ @MarcusRashford ğŸ”´

A superb ball in from the Dane is powerfully headed home by our no.10! ğŸ‘ https://t.co/LWSoOh44hc"
"GET IN MARCUSSSSS! ğŸ’¥ 

#MUFC || #MUNWHU https://t.co/BS9fnUoQLg"
"ğŸ¤ Going close for the Reds on two occasions. 

#MUFC || #MUNWHU https://t.co/vIUwtNp2wm"
"ğŸ”’ An even opening 25 minutes at Old Trafford. 

#MUFC || #MUNWHU"
"ğŸ” @LisandrMartinez ğŸ‘Š 

#MUFC || #MUNWHU https://t.co/hCVUy3Fzp3"
"â© Action in both halves during the opening quarter of an hour. 

#MUFC || #MUNWHU https://t.co/iltLPAAna3"
"From the off, United! â–¶ï¸

#MUFC || #MUNWHU"
"ğŸ”Š A final word from the boss on his team selection ahead of #MUNWHU. 

#MUFC || #PL"
"ğŸ”´ @Cristiano x @MarcusRashford ğŸ”´

#MUFC || #MUNWHU https://t.co/8A3di7H4W0"
"ğŸª„ @ChrisEriksen8 

#MUFC || #MUNWHU https://t.co/BXXNIplvMo"
"â¤ï¸ Pride in the shirt. Love Unites.

ğŸ¤ #allredallequal

#MUFC || @adidasFootball"
"ğŸ“‹ The boss has explained why the duo haven't been named in our squad today. 

#MUFC || #MUNWHU"
"ğŸ” Four changes from Thursday's win.

Let's go, United ğŸ”´

#MUFC || #MUNWHU"
"The United team is in! ğŸš¨

#MUFC || #MUNWHU"
"Team news ğŸ”œ

How many changes will Erik make to our line-up from Thursday's win? ğŸ‘€

#MUFC || #MUNWHU"
"Positive predictions around Old Trafford! ğŸ’­ 

ğŸ‘‰ Result: _____
ğŸ‘‰ First scorer: _____

#MUFC || #MUNWHU https://t.co/n5Kmt1WBG1"
Shoutout to all the Reds following us from different parts of the globe today ğŸŒâ¤ï¸ https://t.co/P8xVggYItx
"Where in the world are you following #MUNWHU from? ğŸŒ

#MUFC || #PL"
"ğŸ˜âœï¸

#MUFC || #MUNWHU https://t.co/S0nyiTNskG"
"ğŸ‡¦ğŸ‡· Licha. 

#MUFC || #MUNWHU https://t.co/aCudExA4IX"
"The Reds are in the building! ğŸ¡

#MUFC || #MUNWHU"
"Good afternoon, Erik ğŸ˜„

#MUFC || #MUNWHU https://t.co/I31NGMuXcc"
"Keep up that winning run in the #WSL, Reds! ğŸ¤ğŸ”´

Weâ€™re right behind you ğŸ‘Š

#MUFC || #MUWomen"
"Old Trafford â¤ï¸

ğŸ—“ #PL matchday 12/38. 

#MUFC || #MUNWHU https://t.co/FcVnHtTqvo"
"âŒ›ï¸ @MarcusRashford hit an injury-time winner in the previous edition of #MUNWHU ğŸ˜

@TeamViewer â†”ï¸ #BringingYouCloser

#MUFC || #PL https://t.co/1SWyFBh4Qw"
"ğŸ”´ Eighty-five years ago today, our incredible #MUAcademy run began. 

ğŸ§¬ Over 4000 games later, Erik wants to continue our rich heritage of talent...

#MUFC || #MUNWHU"
"ğŸ¤ Fine margins. 

@Casemiro scored his first United goal last time out in the #PL, but will he add to that today? Play United Predictions ğŸ“²ğŸ‘‡

#MUFC || #MUNWHU"
"A bona fide United legend. 

We said goodbye to the great Nobby Stiles two years ago today â¤ï¸ https://t.co/odPM8ZXVg0"
"Players.
Staff.
Supporters.

ğŸ’¬ Everybody has a part to play for United this season, says the boss â¬‡ï¸

#MUFC || #MUNWHU"
"A final home #PL game before the #FIFAWorldCup awaits ğŸ‘Š

Come on, United! ğŸ”´âšªï¸âš«ï¸

#MUFC || #MUNWHU"
"â© Trust the process. 

#MUFC || #MUNWHU https://t.co/zegYpx3Xtx"
"Another strong training session in the books âœ”ï¸

#MUFC || #PL"
"ğŸ‡¨ğŸ‡© Born in Bunia, raised in Manchester. 

An inspiration for so many â¤ï¸

#MUFC || #BlackHistoryMonth https://t.co/Er44H7eRVg"
"â¤ï¸ Worn with pride.

@D_DeGea ğŸ§¶

#MUFC"
"Matchday -1 energy ğŸ”‹

This time tomorrow: our final #PL home game before the #FIFAWorldCup! ğŸ‘Š

#MUFC || #MUNWHU https://t.co/kzs78jxy3M"
"â¹ï¸ A last-gasp equaliser from Marc Jurado secures a point for United in todayâ€™s #PL2 encounter! 

#MUFC || #MUAcademy https://t.co/wTWBU0gSll"
"â¸ï¸ Our #MUAcademy U21s narrowly trail at the interval against Tottenham.

#MUFC || #PL2 https://t.co/Xyy0bUxb6b"
"ğŸ“‹ Today's #MUAcademy U21s team news...

Give it everything, lads ğŸ‘Š

#MUFC https://t.co/uypJsQhXHi"
"ğŸ”´ On the cusp of extending an unprecedented streak...

#MUFC || #MUAcademy"
"âœŒï¸ A double-header awaits for our #MUAcademy... 

U21s ğŸ†š Tottenham (A), 12:00 BST
U18s ğŸ†š Newcastle (A), 12:30 BST

#MUFC https://t.co/VXso5o3wTz"
"Another challenge awaits in the #PL âš”ï¸

#MUFC || #MUNWHU"
"Reflect. Educate. Progress.

â¤ï¸ A powerful interview with Axel on the importance of #BlackHistoryMonth 

#MUFC || #MUAcademy"
"We hope you have a great birthday, @VdSar1970 ğŸ‰

#MUFC https://t.co/4Q2BJtH7Go"
"Off the mark for 2022/23! ğŸ˜âœ…

ğŸ¯ @DalotDiogo 

#MUFC || #UEL"
"United goal no.99 for @MarcusRashford! ğŸ’ª

#MUFC || #UEL"
"Effective on the pitch.
Inspirational off it.

@MarcusRashford has been named on The Powerlist 2023 âš¡

#MUFC"
"ğŸ˜¤ #FridayFeeling: determined and ready for Sunday!

ğŸ‘Š @Fred08Oficial 

#MUFC || #PL https://t.co/c9MrqgzJZk"
"No time to waste on the training pitch ğŸ’ª

#MUNWHU ğŸ”œ

#MUFC || #PL https://t.co/vctWTGRn1A"
"Best foot forward ğŸ‘£

#MUFC || #PL https://t.co/U44w06upEh"
"Warming up â™¨ï¸

#MUFC || #PL https://t.co/xAMASXo3tW"
"Friday = recovery day ğŸ”‹

#MUFC || #PL https://t.co/Xd3hHx0qbf"
"ğŸ™ï¸ Erik outlines what he expects from our squad when we face West Ham in the latest United Daily...

#MUFC || #MUNWHU"
"â›”ï¸â›”ï¸â›”ï¸â›”ï¸

The Reds have kept four consecutive clean sheets at Old Trafford ğŸ’ª

#MUFC https://t.co/VKimKnaV5q"
"â„¹ï¸ @Donny_Beek6, @HarryMaguire93 and several other Reds were on the agenda in Erik's team news update. 

#MUFC || #MUNWHU"
"The boss is eagerly anticipating @AnthonyMartial's return from injury ğŸ”œğŸ¤

#MUFC || #MUNWHU"
"ğŸ’¬ Up next in our Fans' Q&amp;A series: @Casemiro ğŸ‡§ğŸ‡·

Head to our website to get your questions in for our no.18 ğŸ‘€â¤µï¸

#MUFC || #Melitta"
"â¤ï¸ @VLindelof 

Pleased to have two of his team-mates back ğŸ¤

#MUFC || #UEL"
"ğŸ’¬ A morning message from @VLindelof!

@TeamViewer â†”ï¸ #BringingYouCloser

#MUFC || #UEL https://t.co/QVsIimtQOB"
"âš½ A confident display from @MarcusRashford on Thursday.

Up next: hitting that United century ğŸ‘Š

#MUFC || #UEL"
"ğŸ”™ A welcome return to the squad for @HarryMaguire93 and @Donny_Beek6 on Thursday!

#MUFC || #UEL https://t.co/W7b6itSSvF"
"Good work, kid.

#MUFC || #UEL https://t.co/dfcFEEVbNH"
"ğŸ¿ Well worth a watch!

#MUFC || #UEL"
"ğŸ“ˆ Striving for improvement in every performance.

""You always want more but in the end, there were a lot of positives in this game.""

#MUFC || #UEL"
"Spirited.
Courageous.
Threatening.

A fine first senior start for @AGarnacho7 at Old Trafford! â­

#MUFC || #UEL"
"Goal no.99 for United...

ğŸ’¯ğŸ”œ

#MUFC || #UEL"
"7ï¸âƒ£ @Cristiano

#MUFC || #UEL"
"Pulse check âœ”ï¸

#MUFC || #UEL https://t.co/ZJPtligRaN"
"ğŸ—³ï¸ Our Man of the Match against Sheriff was ________ â“

#MUFC || #UEL"
"â¤ï¸ You can be proud of that one, @AGarnacho7.

#MUFC || #UEL https://t.co/sKlCExQ8el"
"Up the Reds! ğŸ”´âšªï¸âš«ï¸

#MUFC || #UEL https://t.co/INkAXcQzWt"
"A good night's work! ğŸ’¼

#MUFC || #UEL"
"ğŸ˜´

#MUFC || #UEL https://t.co/hOvDE1KmAU"
"CRISTIANO GETS HIS GOAL!!

#MUFC || #UEL https://t.co/rtqQ4yl8Rl"
"Well done, @AGarnacho7 ğŸ‘

Here comes @Donny_Beek6 for his return! ğŸ«¶

#MUFC || #UEL https://t.co/tNZsM0XMYt"
"Born to play in red and white. 

â¤ï¸ @MarcusRashford 

#MUFC || #UEL https://t.co/rQ41DbIoBb"
"GET IN RASHY!!

#MUFC || #UEL https://t.co/0BTt9SFB3W"
"Erik makes another double switch...

Time to see @LukeShaw23 and @McTominay10! ğŸ’ª

#MUFC || #UEL https://t.co/2m7chVAtme"
"Welcome back, @HarryMaguire93 Â©ï¸

ğŸ”„ Our captain is one of two half-time changes, alongside @MarcusRashford. 

#MUFC || #UEL https://t.co/XreBvKm119"
"Let's take it up a level! ğŸšï¸

#MUFC || #UEL"
"Breaking the deadlock ğŸ”“

#MUFC || #UEL https://t.co/iydkrYtfMZ"
"âš½ @DalotDiogo's header is the difference at half-time! 

#MUFC || #UEL"
"YES DIOGO!!!

#MUFC || #UEL https://t.co/hkYrknUlEc"
"ğŸ•¹ï¸ Controlling the game and creating opportunities but no goals yet: keep going, Reds! 

#MUFC || #UEL https://t.co/oXUTSICiDU"
"âš¡ï¸ @Antony00 

#MUFC || #UEL https://t.co/aqUwMSRpqZ"
"Almost 15 minutes gone at Old Trafford, with plenty of United pressure! ğŸ”´

#MUFC || #UEL https://t.co/huquzrhj4y"
"ğŸ‘ Come on United! ğŸ‘

#MUFC || #UEL"
"ğŸ’¬ A final pre-match word with the boss.

#MUFC || #UEL"
"Here to work ğŸ‘Š

#MUFC || #UEL https://t.co/KXZjuF2xUw"
"Time for warm-ups! â±ï¸

#MUFC || #UEL https://t.co/uJ8OtsGK6S"
"We know what you're capable of, @AGarnacho7 âš½

Time to take that fearlessness to the European stage ğŸ’ª

#MUFC || #UEL"
"ğŸ”´ Six #MUAcademy graduates feature in our squad for tonight's game!

#MUFC || #UEL https://t.co/U1XlDjSF4Q"
"Day â¡ Night

âœ¨ There's just something about evenings at Old Trafford...

#MUFC || #UEL https://t.co/o3npIouVMw"
"Another proud night for our #MUAcademy â¤

â¡ @AGarnacho7 makes his first senior start in one of four United changes!

#MUFC || #UEL"
"â³ Team news.

â±ï¸ Ten minutes...

#MUFC || #UEL https://t.co/emOR03I1Bz"
"ğŸ“£ Fan predictions ğŸ“£

â– First scorer?
â– Final result?

#MUFC || #UEL https://t.co/K86ZYNatya"
"ğŸ† #UEL

Weâ€™ve got a job to do ğŸ‘Š

#MUFC https://t.co/Gva458IJP5"
"âœ Meeting and greeting.

United are here! ğŸ¡

#MUFC || #UEL"
"Relaxed ahead of a potentially exciting time for club and country ğŸ™

ğŸ‡ºğŸ‡¾ @FPellistri07

#MUFC || #UEL"
"ğŸ§  A clear focus.

#MUFC || #UEL https://t.co/YByklx0Rkw"
"Our final United Review of the #UEL group stage is available to purchase! ğŸ“–â¬‡

#MUFC"
"Ready to shine bright ğŸ”´âœ¨

#MUFC || #UEL"
"A stoppage-time winner from @McTominay10 in our previous #UEL fixture ğŸ‘Š

#MUFC"
"ğŸ‡©ğŸ‡° @ChrisEriksen8 ğŸ¤œğŸ¤› @Casemiro ğŸ‡§ğŸ‡·

#MUFC || #UEL"
"ğŸ“ Matchday morning ğŸŒ±

#MUFC || #UEL https://t.co/aHHubeKExB"
"Remembering United legend Harry Gregg on what would have been his 90th birthday.

A hero of our history, you'll never be forgotten â¤ï¸ https://t.co/qOt5G0r58Q"
"ğŸ¥ Erik discusses the #UEL, his #WorldCup views and our fighting spirit in his latest matchday Q&amp;A... 

#MUFC"
"â˜„ï¸ @B_Fernandes8 scored our last goal at Old Trafford...

Who do you predict will score our next one? ğŸ“²

#MUFC"
"Ready for another night under the Old Trafford lights ğŸ’¡ğŸ”´

#MUFC || #UEL"
"ğŸ—¯ Erik says @FPellistri07 is one of several young Reds who he considers as an option he could turn to as the season unfolds...

#MUFC || #UEL"
"Our U21s earned a hard-fought point against Sparta Prague in the #PLInternationalCup âš”ï¸

Plenty to learn from this match â€” onto the next one lads! âœŠ

#MUFC || #MUAcademy https://t.co/8Nl57NxbqL"
"Matchday eight of October = loading â³

#MUFC || #UEL"
"A solid first half from United, but no goals so far against Sparta Prague in the #PLInternationalCup â¸ï¸

#MUFC || #MUAcademy https://t.co/EgP6pYKT6P"
"ğŸš¨ Team news is in!

This is how our U21s will line up to take on Sparta Prague in the #PLInternationalCup ğŸ‘ŠğŸ”´

#MUFC || #MUAcademy https://t.co/jWzpKUzOXP"
"âš½ï¸ #MUAcademy U21s kick off our #PLInternationalCup campaign tonight, when we face Sparta Prague at Altrincham...

Mark Dempsey's side picked up a hard-fought win against Wolves last time out â€” here's hoping for another positive result later today ğŸ‘Š

#MUFC https://t.co/HpJK4TiPB4"
"ğŸ—£ ""It's lovely to play [in the same team] as him.""

@ChrisEriksen8 has enjoyed playing alongside @Casemiro so far ğŸ’ª

#MUFC || #UEL"
"ğŸš¨ Erik's matchday squad could be boosted by the return of three recent absentees on Thursday â¤µï¸

#MUFC || #UEL"
"â„¹ï¸ The boss was asked about @Cristiano's availability during today's press conference ğŸ‘‡

#MUFC || #UEL"
"Wishing you a speedy recovery, @RaphaelVarane â€” you've got this! ğŸ’ªâ¤ï¸

#MUFC || #UEL"
"ğŸ’¬ ""Focus is so important because if you don't have the right focus the risk of getting injured is even more,"" says Erik.

""For every game we have to be good and well prepared. It's an important block [of fixtures for us.]"" ğŸ‘Š

#MUFC || #UEL"
"ğŸ—£ Erik: ""We have to focus on the game tomorrow. We have an important game because we want to be number one in the group, so let's focus on that."" ğŸ§ 

#MUFC || #UEL"
"ğŸ™ Erik will be joined by @ChrisEriksen8 for today's #UEL press conference.

Head to our website or app in 1ï¸âƒ£5ï¸âƒ£ minutes to watch live â¤µï¸

#MUFC"
"â– Competition with @TyrellMalaciia
â– Training against @Antony00
â– Working under Erik ten Hag

Catching up with @LukeShaw23 as we prepare for Sheriff at Old Trafford ğŸŸğŸ‘‡

#MUFC || #UEL"
"A pioneer. A trailblazer. An inspiration.

Today we remember Dennis Walker, who would have turned 78 today â¤ï¸

#MUFC || #BlackHistoryMonth https://t.co/zhKdw1wF7J"
"Our U21s switch their attention to the #PLInternationalCup, where we will face Sparta Prague at Altrincham ğŸ†

Entry is free, but tickets must be claimed beforehand ğŸ‘‡

#MUFC || #MUAcademy"
"ğŸ“ Training HQ

A solid session ahead of Thursday's #UEL encounter âœ”

#MUFC"
"After settling in nicely at United, our boys from Brazil are excited to learn the language ğŸ’¬ğŸ´ó §ó ¢ó ¥ó ®ó §ó ¿

@Casemiro x @Antony00

#MUFC"
"Love Unites, Love United ğŸ«¶

#MUFC"
"âš™ï¸ Gearing up for another intense week!

#MUFC || #UEL"
"ğŸ§  Switching our focus to the #UEL...

#MUFC https://t.co/dZvE0woAlp"
"Charging up! ğŸ”‹

#MUFC || #UEL https://t.co/RyQUHSjJUq"
"ğŸ”´ @HarryMaguire93 
ğŸ”´ @AWBissaka
ğŸ”´ @Donny_Beek6

Three Reds returned to full training today, following their respective injuries ğŸ‘Š

#MUFC || #UEL https://t.co/CV8qUhGtWa"
"Ready for our latest Carrington workout ğŸ’ª

#MUFC || #UEL https://t.co/1hszLMaWAb"
"â–ªï¸ Goal celebrations ğŸ™Œ
â–ªï¸ New nicknames ğŸ‘€
â–ªï¸ The 2022 #WorldCup ğŸ†

Catching up with @Casemiro and @Antony00 ğŸ¤ğŸ‡§ğŸ‡·

#MUFC"
"ğŸŸ Matchday 5ï¸âƒ£ in #UEL Group E awaits on Thursday.

#MUFC"
"ğŸ”„ Erik will be forced into at least one change for Thursday's #UEL game at Old Trafford.

#MUFC"
"A flowing team move, finished off by @MarcusRashford ğŸŒŠ

@TeamViewer â†” #BringingYouCloser

#MUFC https://t.co/nbJvjB52Yj"
"ğŸ—“ï¸ There are 7ï¸âƒ£ fixtures across our United sides this week! ğŸ’ª

#MUFC"
"ğŸŒŸ Iconic from first to last.

What better day than Wazza's birthday to sit back and watch all 2ï¸âƒ£5ï¸âƒ£3ï¸âƒ£ of his goals in red? ğŸ”´

#MUFC || @WayneRooney"
"Represent ğŸ‘•ğŸ‘•ğŸ‘•

#MUFC"
"Wishing a bright and joyous Festival of Lights to everyone celebrating in the United family! ğŸ•¯ï¸â¤

#MUFC || #Diwali https://t.co/ZYNMDNbqM1"
"ğŸ‘” Best of luck in your first permanent managerial role, @Carras16.

A magnificent opportunity ğŸ‘Š

#MUFC https://t.co/UVfb3JApWz"
"ğŸ“† There have been three changes to our #PL schedule over the festive period. 

#MUFC"
"Top of the @EFL, @EthanLaird âœ…
First goal for @AmadDiallo_19 âœ…

A positive weekend of action for our on-loan Reds ğŸ’ª

#MUFC || #MUAcademy"
"Happy birthday to our all-time leading goalscorer: @WayneRooney! ğŸ‚ğŸˆ

#MUFC https://t.co/pjQ1p4jBde"
"Changing the culture.

#MUFC || #MondayMotivation https://t.co/9BUJWAnOYW"
"ğŸ¥ A hard-fought #PL2 win for our #MUAcademy U21s on Saturday!

#MUFC https://t.co/eVF3swuWDD"
"Well played, @ManUtdWomen! ğŸ’ª

#MUFC || #MUWomen"
"Red is the colour ğŸ”´ğŸ”¥

#MUFC"
"Good luck today, Reds! ğŸ¤ğŸ”´

#MUFC || #MUWomen"
"ğŸ™Œ When you see our 90 in 20 highlights have landed...

We suggest you pay close attention from 17:31 onwards â¬‡

#MUFC || #CHEMUN"
"Homophobia has no place in football.

Celebrate diversity.
Challenge discrimination.

#MUFC || #allredallequal"
This footage ğŸ˜ğŸ”Š https://t.co/uHM2SWXSh4
"Talk to us about that @LukeShaw23 performance ğŸ‘‡

#MUFC || #CHEMUN https://t.co/1fGyin3QYc"
"United, always â¤ï¸

#MUFC || #CHEMUN https://t.co/rC3HI9Jj8K"
"ğŸ”“ @Casemiro opens account
ğŸ§± Momentum building
ğŸ¤ Inseparable, again

#MUFC || #CHEMUN"
"ğŸ—¯ @ChrisEriksen8: ""It felt like a big relief.""

You're telling us! ğŸ˜…

#MUFC || #CHEMUN"
"Night, Reds â¤ï¸

#MUFC || #CHEMUN https://t.co/XkpI1bYFms"
"Our away support &gt;

#MUFC || #CHEMUN https://t.co/2OHJU1EZUP"
"ğŸ’¥ @Casemiro's first United goal couldn't have come at a better time! â¤ï¸

#MUFC || #CHEMUN"
"Erik gives his immediate reaction to #CHEMUN, reserving special praise for @Casemiro ğŸ‘

#MUFC || #PL"
"Big player. Big moment.

ğŸ”¥ @Casemiro

#MUFC || #CHEMUN"
"ğŸ’¬ ""Everyone is behind each other â€” we stick together.""

We're all with you, @RaphaelVarane ğŸ’ªâ¤ï¸

#MUFC || #CHEMUN https://t.co/I8sawZNRZ5"
"â„¹ï¸ The boss has the latest news on @RaphaelVarane.

#MUFC || #CHEMUN"
@antony00 ğŸ¤©
Licha getting in amongst it ğŸ˜ğŸ˜ğŸ˜ https://t.co/CLxDRKxOOU
When you see it ğŸ‘€ğŸ‡¦ğŸ‡· https://t.co/YfSrXGoj9w
All of us rn ğŸ‘‡ https://t.co/LJCc9r0ukt
These SCENES ğŸ˜ https://t.co/8rancGwiu8
"ğŸ’¥ @Casemiro's late equaliser earns us a point in west London!

#MUFC || #CHEMUN"
YESSSSSS!!! https://t.co/XNTQYqkpv5
"Goal. Chelsea score from the spot.

#MUFC || #CHEMUN"
"ğŸ”„ Two more changes as we enter the final ğŸ”Ÿ minutes â€” come on United!

#MUFC || #CHEMUN https://t.co/JbETL71zC0"
"Still searching for that opening goal ğŸ”

#MUFC || #CHEMUN https://t.co/q3XtbzS0lW"
"ğŸ”„ @VLindelof comes on for @RaphaelVarane, who is forced off due to injury.

Gutted for you, Rapha ğŸ™

#MUFC || #CHEMUN https://t.co/zdHWg86Arz"
"ğŸ”„ A first change of the night, as @Fred08Oficial enters the fray ğŸ‘Š

#MUFC || #CHEMUN https://t.co/akMpc3vMrQ"
"A big second half to come â€” up the Reds! ğŸ”´âšªï¸âš«ï¸

#MUFC || #CHEMUN"
"â± Goalless after the opening 4ï¸âƒ£5ï¸âƒ£ minutes.

#MUFC || #CHEMUN"
"Driving us forward â©

Â©ï¸ @B_Fernandes8 

#MUFC || #CHEMUN https://t.co/B5lgqW31Uo"
"Pulling strings. 

ğŸª„ @ChrisEriksen8 

#MUFC || #CHEMUN https://t.co/mofetIKqYU"
"âš½ï¸ğŸƒâ€â™‚ï¸ @LukeShaw23 on the move. 

A solid start at Stamford Bridge â€” letâ€™s up it, Reds! ğŸ’ª

#MUFC || #CHEMUN https://t.co/e2m1p0wURX"
"Loud and proud, Reds âœŠğŸ”Š

#MUFC || #CHEMUN https://t.co/bufwfBlEjy"
"From the off, United! âœŠğŸ”´

#MUFC || #CHEMUN"
"â³ T-minus five minutes until #CHEMUN...

How's everyone feeling? ğŸ‘Š

#MUFC || #PL"
"ğŸ§  In the zone. 

#CHEMUN kick-off ğŸ”œ

#MUFC || #PL https://t.co/wokWTMNg8d"
"ğŸ‘” The boss has explained why he recalled @ChrisEriksen8 to the starting XI today... ğŸ’ª

#MUFC || #CHEMUN"
"Let's go, Erik ğŸ‘ŠğŸ’¯

#MUFC || #CHEMUN https://t.co/dInNK3aIGm"
"ğŸ”ğŸ”´ Inside the away dressing room at Stamford Bridge...

#MUFC || #CHEMUN"
"Checking in at Stamford Bridge ğŸ‘‹

#MUFC || #CHEMUN"
"ğŸ”µâš”ï¸ğŸ”´ Introducing your 1ï¸âƒ£1ï¸âƒ£ Reds to take on Chelsea...

#MUFC || #CHEMUN"
"âš½ï¸ Joe Hugill 67'
âš½ï¸ Shola Shoretire 78'
âš½ï¸ Marc Jurado 88'

A deserved three points in #PL2 for our #MUAcademy U21s, after an entertaining clash with Wolves at Carrington ğŸ‘ğŸ”´

#MUFC https://t.co/EPTpYivvSn"
"ğŸ“Œ SW6.

#PL matchday 11/38.

#MUFC || #CHEMUN https://t.co/2vQMMUvD38"
"Fans. Players. Staff. United as one â¤ï¸

We look forward to seeing you at Stamford Bridge, Reds! ğŸ™Œ

#MUFC || #CHEMUN https://t.co/6WlP3eQYlk"
"ğŸš¨ Our U21s take on Wolves in the #PL2 this afternoon and this is how the young Reds line up! ğŸ‘Š

#MUFC || #MUAcademy https://t.co/ucky731qT5"
"Ready to represent on the road ğŸ›£ğŸ”´

#MUFC || #CHEMUN"
"The calmest of finishes from @Sanchooo10 last time we faced Chelsea on the road ğŸ¥¶

@TeamViewer â†”ï¸ #BringingYouCloser"
"Pushing for more ğŸ‘Š

ğŸ’¬ @LukeShaw23

#MUFC || #CHEMUN"
"An unexpected goalscorer? ğŸ‘€

Only *0.089%* of you predicted @Fred08Oficial would score first last time out, but we'd love a repeat today! ğŸ¤

#MUFC || #CHEMUN"
"ğŸ‡³ğŸ‡± EtH ğŸ¤ @Casemiro ğŸ‡§ğŸ‡·

#MUFC || #CHEMUN"
"Taking a trip to the capital ğŸ§³ğŸ™

ğŸ†š #CHEMUN

#MUFC || #allredallequal"
"Ready for Saturday's #PL test âš”ï¸

#MUFC || #CHEMUN"
"Football is for everyone.

Our One Love campaign supports @StonewallUK's #RainbowLaces initiative and celebrates LGBTQ+ inclusion in football.

#MUFC || #allredallequal"
"ğŸ™ï¸ An away day in the capital awaits, this time tomorrow... 

#MUFC || #CHEMUN https://t.co/O0mUQIx3bt"
"One Love, United âš«ï¸â¤ï¸

Introducing our @adidasFootball Love Unites range.

#MUFC"
"Your support makes the difference â¤ï¸

#MUFC || #CHEMUN"
"ğŸ“‹ The boss has provided an update on @AnthonyMartial's fitness...

#MUFC || #CHEMUN"
"ğŸ—¯ Erik: ""For me, [matches are] never an issue away or at home.

""We always have a lot of support from our fans, so we are really happy with that. We feel strong and we are looking forward to the game tomorrow."" ğŸ”´

#MUFC || #CHEMUN"
"ğŸ”Š ""When you play top [level] football, sometimes there [are] rumours and noise, but you can't get deflected,"" Erik adds. 

""You have to focus on the job and that is to perform tomorrow."" ğŸ’ª

#MUFC || #CHEMUN"
"It's press conference day at Carrington ğŸ™ï¸ 

Tune in from 11:45 BST as we prepare to hear from Erik for the first time since Wednesday.

#MUFC || #CHEMUN"
"Welcome onboard, Polly! ğŸ¤ğŸ”´

#MUFC || #MUWomen"
"3ï¸âƒ£0ï¸âƒ£0ï¸âƒ£ appearances
2ï¸âƒ£1ï¸âƒ£ goals
ğŸ”Ÿ major honours

And countless memories in red â€” have a fantastic day, Vida! â¤ï¸ğŸ’ª

#MUFC https://t.co/Iaa5WWfJZi"
"ğŸ”œ Up next: #CHEMUN.

What we know so far about player availability for both teams â¬‡

#MUFC || #PL"
"â˜ï¸ London calling... 

#MUFC || #CHEMUN https://t.co/qDeLVd5GAt"
"ğŸ—“ 21.10

#MUFC"
"ğŸ”‹ @Fred08Oficial was EVERYWHERE on Wednesday ğŸŒª

#MUFC || #MUNTOT https://t.co/VKxuWzTWHV"
"ğŸ’¬ Whatever @RaphaelVarane said, it worked.

@LisandrMartinez ğŸ’ª

#MUFC https://t.co/DjPXBkVNRT"
"ğŸ´ó §ó ¢ó ¥ó ®ó §ó ¿ @HarryMaguire93 and @BranWilliams returned to training at Carrington on Thursday ğŸ’ª

#MUFC"
"ğŸ—£ï¸ ""[Erik] wants more intensity, more aggression."" 

ğŸ´ó §ó ¢ó ¥ó ®ó §ó ¿ We caught up with @LukeShaw23 in the latest episode of United Daily â¬‡ï¸

#MUFC"
"Favourite #PL win at Old Trafford this season? ğŸ—³ï¸

#MUFC"
"Every. Blade. Of. Grass.

ğŸ‘ @Casemiro

#MUFC || #MUNTOT"
"Three clean sheets in a row.

From front to back, a collective effort ğŸ‘Š

#MUFC https://t.co/d0y63pLQLQ"
"Our best performance of the season, @RaphaVarane? ğŸ‘€

#MUFC || #MUNTOT"
"A raucous, crackling atmosphere with a performance to match ğŸ”‹

ğŸ¿ Go on: treat yourself to the full highlights from #MUNTOT...

#MUFC || #PL"
"Morning, Reds. Have a great day! ğŸ”´

#MUFC"
"The support you deserve, Licha ğŸ«¶

ğŸ‡¦ğŸ‡· @LisandrMartinez

#MUFC || #MUNTOT https://t.co/MKcEQwKKJd"
"Wednesday's star man... 

â­ @B_Fernandes8 â­

#MUFC || #MUNTOT"
"Same, @D_DeGea ğŸ˜„

#MUFC || #MUNTOT https://t.co/U1IBJkTfwo"
"Highlights?

Highlights âœ”

#MUFC || #MUNTOT"
"Some man.

@LisandrMartinez on Team View duty! ğŸ¤³

@TeamViewer â†” #BringingYouCloser https://t.co/zzJT3Qgg9S"
"ğŸ‡§ğŸ‡· x ğŸ‡µğŸ‡¹

#MUFC || #MUNTOT https://t.co/Y2kPTGY9f8"
"8ï¸âƒ£ We can't promise you'll be scoring goals like @B_Fernandes8 with one of his shirts, but it's worth a try...

#MUFC || #MUNTOT"
"Immense.

ğŸ‘Š @Casemiro 

#MUFC || #MUNTOT https://t.co/9JV6nP8bzo"
"â€¦not as much as @LisandrMartinez though! ğŸ˜…

VAMOS. https://t.co/HUQgBdNNUE"
"ğŸ’­ Tonight's Man of the Match?

Take your pick! â¬‡

#MUFC || #MUNTOT"
We're seeing cover photo potential...
"The performance. The team spirit. The atmosphere.

Special, special night â¤ï¸

#MUFC || #MUNTOT https://t.co/pWR7n5rgto"
Enjoyed that a lot tbh
"Simply brilliant! â•3ï¸âƒ£

#MUFC || #MUNTOT"
"Top shifts from @Casemiro and @Sanchooo10! ğŸ’ª

#MUFC || #MUNTOT https://t.co/NCH7G4f8yJ"
"Take the applause, @Antony00 ğŸ‘

On comes @McTominay10! 

#MUFC || #MUNTOT https://t.co/DCq5NfuoSh"
â¤ï¸ https://t.co/agmjeghJo3
Old Trafford is ROCKING! ğŸ¶ğŸ¸
"BRUNO
BRUNO
BRUNO"
"BRUNNNOOOOOOOOOOOOOOOOOOOOOOOO!!!

#MUFC || #MUNTOT https://t.co/aBP7wZsoMS"
â¤ï¸ https://t.co/eiB1ylI5ON
"They all count ğŸ˜‰

A flowing move ends with @Fred08Oficial's shot deflecting into the bottom corner!

#MUFC || #MUNTOT https://t.co/JxeFU2FDDt"
"FRRREEEDDDDDDDDD!!

#MUFC || #MUNTOT https://t.co/lII10M7Z5i"
"Off we go for the second 45! â–¶ï¸

#MUFC || #MUNTOT"
"ğŸ”ŠğŸ†™

Time to raise the noise levels again: the second half is about to get under way...

#MUFC || #MUNTOT"
"*Exactly* the kind of intensity we want to see.

More to come ğŸ”œ

#MUFC || #MUNTOT https://t.co/kDkVtiVEJ2"
"â¸ï¸ Frantic stuff so far at Old Trafford, but still goalless. 

#MUFC || #MUNTOT"
"Technique ğŸ‘Œ

#MUFC || #MUNTOT https://t.co/TSJIjngWVj"
"INCHES away by @Casemiro! ğŸ˜¬

#MUFC || #MUNTOT"
"ğŸ¤ This first 25 minutesâ€¦

A good spell for United but nothing to show for it at the moment â€” keep going!

#MUFC || #MUNTOT https://t.co/3vgMYGWu6F"
"No goals but plenty of action so far! âš”ï¸

#MUFC || #MUNTOT https://t.co/vtLUp0tRwK"
"SO. CLOSE.

@Antony00 grazes the outside of the post with a fabulous effort!

#MUFC || #MUNTOT"
"It's time.

Come on United! ğŸ‘

#MUFC || #MUNTOT"
"Bring.
On.
United."
"Revealed: the rationale behind tonight's team selection, as explained by Erik â¬‡

#MUFC || #MUNTOT"
"ğŸƒâ€â™‚ï¸ @B_Fernandes8 leading the charge for warm-ups!

#MUFC || #MUNTOT"
"Love an evening game at Old Trafford! ğŸŒ•

We're ready for this one ğŸ‘ŠğŸ”‹

#MUFC || #MUNTOT https://t.co/Kfq9VonTX8"
"ğŸš¨ TEAM NEWS ğŸš¨

ğŸ”„ One change for the Reds as @MarcusRashford replaces @Cristiano...

#MUFC || #MUNTOT"
"Legends â¤ï¸

#PL matchday 10/38.

#MUFC || #MUNTOT https://t.co/apRLO5EL2X"
"ğŸ“ Back in M16.

#MUFC || #MUNTOT"
"ğŸŸ @Cristiano has found the net eight times against Spurs at Old Trafford, including a fine hat-trick in March...

#MUFC || #MUNTOT"
"â³ @MarcusRashford isn't far away from a big United milestone ğŸ’¯

#MUFC https://t.co/gWXZ8N6Ppb"
"ğŸ§® @MarcusRashford has added to his United assists tally three times this season, while also approaching his century of Reds goals ğŸ’¯

#MUFC || #MUNTOT"
"ğŸ“¬ Just in: Erik's #MUNTOT Q&amp;A ğŸ‘‡

#MUFC || #PL"
"A special day ğŸ«¶ğŸ‡®ğŸ‡³

ğŸ¥ Relive the action as our fans in Kolkata turned out in huge numbers for another memorable #ILOVEUNITED event ğŸ‘Š

#MUFC"
"Mancunian at heart â¤ï¸

Enjoy our 20-minute chat with @B_Fernandes8 about how he's made Manchester his home ğŸ ğŸ”´

#MUFC"
"Proud to wear red ğŸ“Œ

#MUFC || #MUNTOT"
"â˜• Good morning from Old Trafford.

#MUFC || #MUNTOT https://t.co/lIuEhpDbQJ"
"ğŸ’¡ A @PremierLeague night under the lights awaits! ğŸ”´

#MUFC || #MUNTOT"
"The November issue of our monthly magazine is out now â€” don't miss it! ğŸ—

#MUFC"
"The hosts take the bonus point tonight following their penalty shootout victory, while United earn a solitary point to top Northern Group G, with qualification to the next stage already secured.

#MUFC || #MUAcademy"
"A brilliant second-half comeback from our young Reds, with Shola Shoretire scoring a late equaliser to maintain the unbeaten run in the #PapaJohnsTrophy ğŸ‘

#MUFC || #MUAcademy https://t.co/8V2lug9Isk"
"ğŸ”¥ @Cristiano was unstoppable in the previous edition of #MUNTOT! ğŸ‘

#MUFC https://t.co/DCvCh7zBwr"
"The Reds lead at the break thanks to an audacious effort from Charlie McNeill. 

#MUFC || #MUAcademy https://t.co/895sULtsmS"
"Tonight's #MUAcademy U21s line-up for our game against Fleetwood Town in the #PapaJohnsTrophy ğŸ”´

#MUFC https://t.co/DGLvSX42md"
"ğŸ‡©ğŸ‡° @ChrisEriksen8 has hit the ground running this season ğŸ’ª

#MUFC || #MUNTOT"
"Matchdays at our home â¤ï¸

ğŸ  Next up: #MUNTOT 

#MUFC || #PL https://t.co/58SMaWwFaI"
"ğŸ™ The boss was asked about the fitness of Axel Tuanzebe and @BranWilliams in today's press conference.

#MUFC || #MUNTOT"
"ğŸ§  ""You have to protect players as a manager to get the best out of them, not only from the risk of injury but also to keep them in the right form until the end of the season,"" says Erik. ğŸ”„

#MUFC || #MUNTOT"
"ğŸ’¬ Erik on @ChrisEriksen8: ""As a manager I faced him, so I knew his capabilities and I was so happy that we could sign him.

""I think he has proved from the first day how important he is to our game."" ğŸ‘

#MUFC || #MUNTOT"
"â„¹ï¸ The boss has provided fitness updates on @ChrisEriksen8 and @AnthonyMartial.

#MUFC || #MUNTOT"
"ğŸ¥ Erik's #MUNTOT press conference will take place shortly.

Head to our app to watch every word â¤µï¸

#MUFC"
"A clinical finish by @MarcusRashford at Tottenham in 2021/22 ğŸ’¥

@TeamViewer â†”ï¸ #BringingYouCloser

#MUFC"
"âª Last time out in the #PapaJohnsTrophy... 

Our U21s secured qualification to the next round with a win at Barrow, but tonight we face Fleetwood in our final group-stage fixture â€” keep it up, Reds! ğŸ’ª

#MUFC || #MUAcademy https://t.co/pjPI9FTWSc"
"Onwards to Wednesday and our next #PL matchday! ğŸ”œğŸ”´

#MUFC || #MUNTOT"
"3ï¸âƒ£ countries ğŸŒ
2ï¸âƒ£ matches âš½ï¸
1ï¸âƒ£ incredible fanbase ğŸ™Œ

This one goes out to our fans across the globe who followed the Reds on Sunday! â¤ï¸

#MUFC || #MUWomen https://t.co/xISGJCZ3s6"
"âª Reflecting on his finest moments in red
â© Looking ahead at what's to come

ğŸ’¬ Enjoy our extended interview with @D_DeGea now ğŸ‘‡

#MUFC"
"ğŸ—¯ ""He's been unbelievable [so far] this season. But he can keep getting better â€” he needs to keep up his aggression and passion.""

ğŸ´ó §ó ¢ó ¥ó ®ó §ó ¿ @LukeShaw23 ğŸ¤ @LisandrMartinez ğŸ‡¦ğŸ‡·

#MUFC"
"ğŸ‡¨ğŸ‡® @AmadDiallo_19 was one of eight United loanees in action over the weekend ğŸ’ª

#MUFC"
"ğŸ¥ Check out the latest footage from Carrington, as the Reds went to work on Monday ğŸ’ª

#MUFC || #PL"
"ğŸ“¼ Just in: the first United Daily of the week ğŸ‘‡

#MUFC"
"Focused on our next test ğŸ˜¤

#MUFC || #MUNTOT https://t.co/XtI3pbr0UN"
"ğŸ”´ Young Reds. 

#MUFC || #MUAcademy https://t.co/7xs4uzVWza"
"ğŸ’ª Recovery mode.

#MUFC || #PL https://t.co/EjDlW7GEsq"
"ğŸ—£ EtH. 

#MUFC https://t.co/YbJiuvuntk"
"Work time ğŸ‘Š

#MUFC https://t.co/rLqCLcqUaD"
"â„¹ï¸ An inside look at both camps ahead of #MUNTOT...

#MUFC || #PL"
"Reflecting on 500 appearances âœ…
Reviewing his greatest saves âœ…

Watch our feature-length interview with @D_DeGea after his United landmark â¤µï¸

#MUFC"
"Special moments at Carrington â¤ï¸

âš« @D_DeGea 

#MUFC || @adidasFootball https://t.co/zIfiU48MWl"
"A whole lot of love for @D_DeGea! ğŸ«¶

#MUFC https://t.co/K78sVs4HsA"
"ğŸ”‘ The boss has explained why rotating our squad is key during this busy period...

#MUFC || #PL"
"âš–ï¸ Will @ChrisEriksen8 be fit for our next #PL fixture?

Erik was asked the question following yesterday's game â¬‡

#MUFC"
"ğŸ¤— Wholesome moments with @D_DeGea and Sir Alex. 

#MUFC https://t.co/O3AGpjhMWg"
"ğŸ“– Etched into our history books. 

#MUFC || @D_DeGea https://t.co/W9sP7Lu273"
ğŸ«¶ https://t.co/b5a3kLymJL
"ğŸ”´ United through and through. 

#MUFC || @D_DeGea https://t.co/6KA2gLFzwd"
"ğŸ”º #MUNNEW assessment ğŸ†š
ğŸ”º Importance of a clean sheet â›”ï¸
ğŸ”º Hitting 500 United appearances ğŸ‘

Hear from @D_DeGea following this afternoon's #PL clash ğŸ‘‡

#MUFC"
"â¤ï¸ Always grateful for your unconditional support. 

#MUFC || #MUNNEW https://t.co/f8zmt2D21m"
"ğŸ¥ The boss has delivered his verdict on this afternoon's game against Newcastle. 

#MUFC || #MUNNEW"
"The points are shared at Old Trafford. 

#MUFC || #MUNNEW"
"Final push ğŸ‘Š

#MUFC || #MUNNEW https://t.co/PtGGGTN11a"
"ğŸ”„ Erik makes our first switch of the afternoon.

#MUFC || #MUNNEW https://t.co/pYz0d6oUld"
"â³ Less than 3ï¸âƒ£0ï¸âƒ£ minutes to go, as we continue to search for a breakthrough.

#MUFC || #MUNNEW https://t.co/hWuTiBxe10"
"ğŸ‡«ğŸ‡· @RaphaelVarane ğŸ”´

#MUFC || #MUNNEW https://t.co/hJ0xIqVnB8"
"Time to kick on, Reds ğŸ‘Š

#MUFC || #MUNNEW https://t.co/PzUzYpsmZx"
"â–¶ï¸ The visitors get play back under way at Old Trafford.

#MUFC || #MUNNEW"
"â¸ A goalless first half at Old Trafford. 

#MUFC || #MUNNEW"
"Into the final ğŸ”Ÿ minutes of the first half. 

#MUFC || #MUNNEW https://t.co/JHmgMx3d1i"
"ğŸ”€ @Antony00 ğŸ”´

#MUFC || #MUNNEW https://t.co/9H74tsfs5X"
"7ï¸âƒ£ @Cristiano ğŸ”´

#MUFC || #MUNNEW https://t.co/pdgGeJS9JN"
"ğŸ”´ Watching on. 

#MUFC || #MUNNEW https://t.co/vmsPDoKRpw"
"â¤ï¸ United legends. 

#MUFC https://t.co/OgbijbDNBr"
"â–¶ï¸ We're under way at Old Trafford â€” come on, United! ğŸ‘Š

#MUFC || #MUNNEW"
"Sir Alex ğŸ¤ EtH 

#MUFC https://t.co/eLuPglqHoH"
"ğŸ”´ 5ï¸âƒ£0ï¸âƒ£0ï¸âƒ£ ğŸ”´

An incredible achievement, @D_DeGea! ğŸ‘

#MUFC https://t.co/8PcTSQT5bF"
"Pumped for matchday ğŸ˜¤

#MUFC || #MUNNEW https://t.co/dRtF7Ej7kB"
"Letâ€™s do this, @Antony00 ğŸ‘Š

#MUFC || #MUNNEW https://t.co/hVqmNpfzzv"
"ğŸ“‹ The boss has explained the reasons behind @ChrisEriksen8 and @AnthonyMartial's absence from today's squad.

#MUFC || #MUNNEW"
"Inside the United camp ğŸ‘€ğŸ”´

#MUFC || #MUNNEW https://t.co/p7u3P7G2AS"
Always United â¤ï¸ https://t.co/OolyOCpevk
"GK union ğŸ”´

Our two leading goalkeeper appearance makers of all time mark @AlexStepney1's recent 80th birthday â¤ï¸

#MUFC || @D_DeGea https://t.co/oYv7WoSeK6"
"ğŸš¨ Presenting the United line-up for #MUNNEW ğŸ‘Š

#MUFC || #PL"
"Team news ğŸ”œ

How many changes will Erik make from Thursday's win? ğŸ’­

#MUFC || #MUNNEW"
"ğŸ”º Where are you following #MUNNEW from? ğŸŒ
ğŸ”ºWhat do you think the score will be? âš½ï¸ 
ğŸ”º Who will score first? âš¡ï¸ 

#MUFC || #PL https://t.co/kjS2cJU9Ff"
"â¤ï¸ Our home. 

#MUFC || #MUNNEW https://t.co/FqObVfh9wn"
"ğŸ’¯ğŸ’¯ğŸ’¯ğŸ’¯ğŸ’¯

Set to carve his name into United history â¤ï¸

#MUFC || @adidasFootball https://t.co/fYIv77zVlY"
"Back on home soil. 

ğŸ“† #PL matchday 9/38. 

#MUFC || #MUNNEW https://t.co/2xweyELed4"
"Wishing you the best of luck today, Reds! ğŸ¤ğŸ”´

#MUFC || #MUWomen"
"ğŸ“±ğŸ”´ Checking in. 

#MUFC || #MUNNEW https://t.co/THGFkiLvIg"
"Bom dia, @Casemiro ğŸ¤›

#MUFC || #MUNNEW https://t.co/mrNKyfFwy6"
"Morning, Reds! ğŸ‘‹

#MUFC || #MUNNEW"
"The boss. 

#MUFC || #MUNNEW https://t.co/nfXVMq8Oh0"
"ğŸ‡§ğŸ‡· @Antony00 scored our first at Everton, but who are you backing to score United's next #PL goal? ğŸ’­

#MUFC || #MUNNEW"
"Some things are bigger than football.

Our support for the @PremierLeague's No Room for Racism is one of them.

#SeeRed || #allredallequal"
"The boss is ready for #MUNNEW ğŸ‘Š

#MUFC || #PL"
"ğŸ™ The future generation.

#MUFC"
"ğŸ‡«ğŸ‡· @IAmMSilvestre outta nowhere!

Mikael will be at our #ILOVEUNITED Kolkata event today â€” we can't wait! ğŸ™ŒğŸ‡®ğŸ‡³

@TeamViewer â†”ï¸ #BringingYouCloser https://t.co/PCtApxyR5V"
"ğŸ”´âšªï¸âš«ï¸ ğŸ†š âš«ï¸âšªï¸âš«ï¸

All set for an Old Trafford matchday! ğŸ¡ 

#MUFC || #MUNNEW"
"ğŸ”´ @Cristiano returned to Old Trafford in style in the previous #MUNNEW edition... 

#MUFC || #PL"
"Gearing up for #MUNNEW ğŸƒâ€â™‚ï¸

#MUFC"
"âª Last time out at Old Trafford in the @PremierLeague...  

ğŸ”¥ @Antony00 x @MarcusRashford ğŸ”¥

#MUFC || #PL https://t.co/zXcQhaFmxl"
"A spirited comeback from our #MUAcademy U21s âš¡ï¸âš¡ï¸

Watch more from this afternoon's dramatic #PL2 clash ğŸ‘‡

#MUFC"
"ğŸ—£ ""Get your match programme!""

â– From Old Trafford tomorrow
â– Delivered direct to your door

#MUFC || #MUNNEW"
"9ï¸âƒ£ @VanCole9: an underrated striker in the #PL era?

Not by all of us here at United â¤

#MUFC https://t.co/pReWifyUfB"
"After the Reds trailed 3-1, Shola Shoretire scored TWICE in stoppage time to earn #MUAcademy U21s a dramatic draw in West London ğŸ’ª

#MUFC | #PL2 https://t.co/xNvdDwB1xw"
"Bring on United! ğŸ”´âšªï¸âš«ï¸

â³ This time tomorrow: #MUNNEW... 

#MUFC || #PL https://t.co/vGocImZJhl"
"A bright half from #MUAcademy U21s as Hansen-Aaroen smashes the ball home to give United a deserved lead at the break âœŠ

#MUFC || #PL2 https://t.co/a7pKgZtGGT"
"ğŸ› Team news ahead of our #MUAcademy U21s away game v Chelsea in #PL2 ğŸ¤™

Kick-off at 12:00 BST ğŸ•›

#MUFC https://t.co/QluGgUiLIy"
"ğŸ… @D_DeGea will be presented with an engraved plate prior to kick-off on Sunday ğŸ§¤

#MUFC"
"âª Last time out in #PL2... 

Sending best wishes to our #MUAcademy U21s away to Chelsea today! ğŸ¤ğŸ”´

#MUFC https://t.co/rsT7x5WCoK"
"ğŸ”€ Impact players.

Seven of our last nine goals have come from substitutes ğŸ’ª

#MUFC https://t.co/IbANGaMgKG"
"An all-time #PL great.
One of our best-ever strikers.
But above all else, a role model.

â¤ @VanCole9

#MUFC || #BlackHistoryMonth"
"Goal King Cole ğŸ‘‘

Have a wonderful birthday, @VanCole9! ğŸ‚

#MUFC https://t.co/agisYcynKZ"
"ğŸ´ó §ó ¢ó ¥ó ®ó §ó ¿ @WesBrown24 with the powerful header ğŸ’¥

Catch Wes at our #ILOVEUNITED Kolkata event for #MUNNEW on Sunday! ğŸ‡®ğŸ‡³

@TeamViewer â†”ï¸ #BringingYouCloser https://t.co/3tKLAsmKCy"
"âŒ›ï¸ Leaving it late. 

ğŸ”´ @McTominay10 

#MUFC || #UEL"
"ğŸ’¬ Erik looks ahead to #MUNNEW
ğŸ’ª Training footage from Carrington
ğŸ‡®ğŸ‡³ @WesBrown24 prepares for #ILOVEUNITED 

Tune in to the final United Daily of the week for all of the above and more... ğŸ¥

#MUFC"
"âš¡ Picking up the pace for the #PL.  

#MUFC || #MUNNEW https://t.co/dZuVlQdG5A"
"ğŸ“ Smiles at base! ğŸ˜„

#MUFC || #MUNNEW https://t.co/VFdANMqa2P"
"Bonjour, @RaphaelVarane ğŸ‡«ğŸ‡·

#MUFC || #MUNNEW https://t.co/VvssN7oIBg"
"ğŸ‡©ğŸ‡° @ChrisEriksen8 ğŸ¤œğŸ¤› @LukeShaw23 ğŸ´ó §ó ¢ó ¥ó ®ó §ó ¿ 

#MUFC || #MUNNEW https://t.co/RfaqDWEaJn"
"ğŸ”€ Switching our focus to #MUNNEW.

#MUFC || #PL https://t.co/XgkMBFmLep"
"Fans in India can still be a part of the action by tuning into our Facebook Live stream, featuring all the best bits from Sunday's event.

Thank you for your ongoing support! â¤ï¸

#MUFC

(2/2)"
"ğŸ‡®ğŸ‡³ #ILOVEUNITED notice...

Please remember that this is a pre-booked, ticket-only event.

Only those who were successful in receiving an #ILOVEUNITED ticket will be admitted into the venue.

(1/2)"
"When you remember the next game is our first home #PL match in over a month...

ğŸ”œ #MUNNEW

#MUFC"
"ğŸ—¯ @Antony00, @MarcusRashford and #MUNNEW were among the talking points in Erik's latest press conference â¤µï¸

#MUFC || #PL"
"ğŸš¨ The boss provided an update on @HarryMaguire93 and @AnthonyMartial in his #MUNNEW press conference. 

#MUFC || #PL"
"ğŸ§  What we learn today can help change the future. 

Great news, @MU_Foundation! â¤ï¸

#MUFC"
"It's a team game ğŸ¤

The boss was delighted by the impact of our substitutes on Thursday night! ğŸ”´

#MUFC || #UEL"
"ğŸ”´ Good to be back home. 

#MUFC"
"ğŸ’¬ @D_DeGea was pleased with the fight the Reds showed during Thursday's win against Omonia! ğŸ‘Š

#MUFC || #UEL"
"Your Man of the Match on Thursday night â€” @McTominay10! ğŸ‘

#MUFC || #UEL"
"Sticking by us until the very last kick â€” the United way â¤ï¸

Thank you for your support on Thursday, Reds! ğŸ‘

#MUFC || #UEL https://t.co/KD2FiQ9v2Z"
"ğŸ¥ Watch the key moments from Thursday's #UEL win. 

ğŸ¯ @McTominay10

#MUFC"
@Uzohof Respect for your performance tonight â€” all the best for the rest of the season ğŸ¤
"Job done, see you Sunday! â¤ï¸

ğŸ¤³ @DalotDiogo 

@TeamViewer â†”ï¸ #BringingYouCloser https://t.co/qhHJRjSaKo"
"ğŸ—¯ Our match-winner on Thursday's late victory. 

#MUFC || #UEL https://t.co/9shb36Zt54"
"ğŸ’¬ The boss has given his reaction to tonight's win. 

#MUFC || #UEL"
"Who gets your vote for United's award tonight? ğŸ‘‡

#MUFC || #UEL"
"ğŸ¤ Recognising a top performance from @UzohoF. 

#MUFC || #UEL https://t.co/WgFgNMaw3y"
"Until the end ğŸ‘Š

#MUFC || #UEL https://t.co/UXanrmM7p5"
"A big goal at the end! ğŸ”¥

#MUFC || #UEL https://t.co/HKnmqNPDSp"
"Scott McTominay wins it in injury time for the Reds! ğŸ™Œ

#MUFC || #UEL"
"SCOTTTTYY! 

#MUFC || #UEL https://t.co/spnoeZlq8H"
"ğŸ”‚ Erik makes our fourth change of the evening. 

#MUFC || #UEL https://t.co/wjAwkbMpYs"
"Into the final 15 minutes. 

#MUFC || #UEL https://t.co/KgbadONPVO"
"ğŸ”„ @ChrisEriksen is introduced, as he replaces @Fred08Oficial.

#MUFC || #UEL https://t.co/dvWIiK2bci"
"ğŸ”„ Erik makes our first changes of the night. 

#MUFC || #UEL https://t.co/i17ur5qHXO"
"Still searching for the gameâ€™s first goal. 

#MUFC || #UEL https://t.co/K9JCYnrO73"
"â–¶ï¸ The visitors get us back under way at Old Trafford. 

#MUFC || #UEL"
"Level at the break. 

#MUFC || #UEL"
"ğŸ—£ @DalotDiogo 

#MUFC || #UEL https://t.co/XlmUeIDGIf"
"ğŸ” Pushing for a breakthrough. 

#MUFC || #UEL"
"ğŸ¥‹ @LisandrMartinez ğŸ”´

#MUFC || #UEL https://t.co/GOoqMZhmoG"
"ğŸ”´ U N I T E D ğŸ”´

#MUFC || #UEL https://t.co/3YFfXiQ3xT"
"âš¡ï¸ A lively start at Old Trafford. 

#MUFC || #UEL https://t.co/mvRXgtk1zv"
"Bring on United! ğŸ”´âšªâš«

#MUFC || #UEL"
"Less than ğŸ”Ÿ minutes to go until kick-offâ€¦ 

How are we feeling, Reds? ğŸ’­ 

#MUFC || #UEL"
"ğŸ”´ Focused. 

@Cristiano 7ï¸âƒ£

#MUFC || #UEL https://t.co/fXItVHZ3dZ"
"Midfield duo ğŸ‡§ğŸ‡·

@Fred08Oficial ğŸ¤ @Casemiro 

#MUFC || #UEL https://t.co/zsZj9f4YJI"
"ğŸ”º Being back at Old Trafford ğŸ”´
ğŸ”º @Fred08Oficial's return to the XI ğŸ‡§ğŸ‡·
ğŸ”º Our #UEL group ğŸŒ

Hear more from the boss ahead of tonight's #UEL clash ğŸ‘Š

#MUFC"
"Itâ€™s time to work, Reds ğŸ‘Š 

#MUFC || #UEL https://t.co/aizPZiCS2T"
"Inside the home dressing room ğŸ‘€

#MUFC || #UEL"
"This is the place ğŸ¡â¤ï¸

#MUFC || #UEL https://t.co/K5W0Nkdw23"
"Thoughts on our starting line-up, Reds? ğŸ’­ 

#MUFC || #UEL"
"ğŸ“‹ Your United team to face Omonia! ğŸ‘Š

#MUFC || #UEL"
"ğŸ“Œ Old Trafford. 

Where in the world are you following tonight's game from? ğŸŒ

#MUFC || #UEL"
"The Reds are in the house! ğŸ¡

#MUFC || #UEL"
"ğŸ’¡ Under the lights. 

#MUFC || #UEL https://t.co/DsEkLnv6UT"
"Back home for tonight's #UEL test âœŠğŸŸ

#MUFC"
"Evening, Erik ğŸ‘Š

#MUFC || #UEL https://t.co/b2AFW8ktWK"
"âš–ï¸ @Casemiro explains how he sees his role at United, and why post-game analysis is so important to him... ğŸ”

#MUFC || #UEL"
"Learning from the best ğŸ§ 

@Antony00 ğŸ¤ @Cristiano

#MUFC || #UEL"
"ğŸ‡«ğŸ‡· @AnthonyMartial with a powerful finish at the near post last time out in the #UEL ğŸ’¥

#MUFC https://t.co/1QUbTPuv2z"
"ğŸ—£ ""It's a special day for them and it's a special day for us. These days are a big part of United."" â¤ï¸

ğŸ¬ Take a look inside Dream Day 2022, as we catch up with the fans and players who attended... 

#MUFC || @MU_Foundation"
"ğŸ’¬ Erik has praised the spirit in the squad ahead of tonight's Old Trafford return ğŸŸ

#MUFC || #UEL"
"Super Wesley Brown ğŸ‘ŠğŸ§±

#MUFC https://t.co/mE6LQ92ZLp"
"A new icon âœ”ï¸ 

The #MUFC x @adidasOriginals Samba is now available ğŸ‘‡

@adidasFootball"
"A classic at heart â¤ï¸

Introducing the new Manchester United x @adidasOriginals Essentials range ğŸ’¥

#MUFC || @adidasFootball"
"ğŸ“ Matchday morning. 

#MUFC || #UEL https://t.co/HAyXqi7oHo"
"â­ @MarcusRashford shone in Cyprus, but who do you predict will collect our star man award at Old Trafford?

#MUFC || #UEL"
"Our #UEL campaign continues at Old Trafford tonight ğŸŸ

#MUFC"
"ğŸŒ There are five fresh dates for the #MUAcademy diary, after the fixtures for the #PLInternationalCup were revealed. 

#MUFC"
"Ahead of tomorrow's Old Trafford return, @VLindelof shares what he loves most about our home ğŸŸğŸ”´

#MUFC"
"âŒ› This time tomorrow... 

@Antony00 ğŸ‡§ğŸ‡·

#MUFC || #UEL https://t.co/pv67u2BXYY"
"On the agenda in Wednesday's United Daily...

â–ªï¸  Inside look at training ğŸƒâ€â™‚ï¸
â–ªï¸  Pre-Omonia press conference ğŸ™ï¸
â–ªï¸  Interview with @Casemiro ğŸ‡§ğŸ‡·

#MUFC"
"Erik's goal for our #UEL group is clear ğŸ‘Š

#MUFC || #UEL"
"ğŸ‡¸ğŸ‡ª @VLindelof ğŸ¤ @LisandrMartinez ğŸ‡¦ğŸ‡·

#MUFC || #UEL"
"All set for #UEL matchday four ğŸ‘Š

#MUFC"
"âš¡ï¸ Applying the finishing touches ahead of #UEL action. 

#MUFC https://t.co/6Op66pJ0y0"
"Happy at base! ğŸ˜„

@ChrisEriksen8 ğŸ¤ @MarcusRashford 

#MUFC || #UEL https://t.co/TH9Dyn2Qoz"
"ğŸ”´ Regrouped and ready for our next test. 

#MUFC || #UEL https://t.co/ZzauSRoMB2"
"ğŸ’¬ Erik gave the latest on @RaphaelVarane and @MarcusRashford at Carrington... 

#MUFC || #UEL"
"ğŸ’ª Relentless work. 

ğŸ”´ @VLindelof

#MUFC || #UEL https://t.co/szxhuPyWvq"
"ğŸ—£ ""It will be special to see pictures from the event.""

ğŸ‡®ğŸ‡³ The players shared what your support means to them ahead of Sunday's #ILOVEUNITED event in Kolkata ğŸ”œ

@TeamViewer â†”ï¸ #BringingYouCloser

#MUFC"
"â„¹ï¸ The boss has ruled four first-team Reds out of Thursday night's #UEL fixture.

#MUFC"
"ğŸ“‹ The boss has given an update on @AnthonyMartial's injury after our no.9 was forced off early on Sunday.

#MUFC"
"ğŸ”Š ""All the players know that we have to manage their game time,"" Erik adds. 

""That is why we have double positions, but we need players who have quality, which is good for us.""

#MUFC || #UEL"
"ğŸ—¯ Erik: ""We want to be no.1 in the group, so we have to win this next game. 

""Our aim is to win all the games, so to be top of the group, it is clear what we have to do.""

#MUFC || #UEL"
"ğŸ’¬ @VLindelof: ""I had a tough start to the season with an injury, but it's important we have good players in the squad to compete for positions.

""I'm always available if the coach needs me and I'll help the team in the best way."" ğŸ’ª

#MUFC || #UEL"
"ğŸ¥ The boss and @VLindelof will address the media ahead of tomorrow's #UEL tie.

Watch the press conference live in our app from 12:00 BST â¤µï¸

#MUFC"
"A day weâ€™ll never forget â¤ï¸

#MUFC || @MU_Foundation https://t.co/2Yo6lzkShQ"
"Our top scorer so far in 2022/23 with a fine finish in the reverse fixture against Omonia! ğŸ‘Œ

ğŸ¯ @MarcusRashford

#MUFC || #UEL https://t.co/72uYD0CNyY"
"ğŸŸ Back to Old Trafford.
ğŸ’ª Back in #UEL action.

#MUFC"
"The latest training footage from Carrington has landed ğŸ›¬

#MUFC"
"ğŸ‘€ Your chance to own a piece of history.

Head this way to win a special edition Ronaldo 7ï¸âƒ£0ï¸âƒ£0ï¸âƒ£ shirt, signed by @Cristiano himself ğŸ‘‡ğŸ¤©

#MUFC"
"ğŸ—¯ Erik has been pleased with @Antony00's start to life at United, but insists there's still room for improvement ğŸ“ˆ

#MUFC || #PL"
"The one.
The only.
Sir Bobby â¤ï¸

#MUFC https://t.co/BBuQ3gWSNl"
"ğŸ¬ Coming up in today's United Daily:

ğŸ”º @DalotDiogo reflects on Dream Day
ğŸ”º @VLindelof's Old Trafford memories
ğŸ”º Wishing @SirBobby a happy birthday

#MUFC || @MU_Foundation"
@D_DeGea @RebelsGaming â¤ï¸ğŸ®
"ğŸ” Taking a look at Erik's options for Thursday's game.

#MUFC || #UEL"
"CR7ï¸âƒ£0ï¸âƒ£0ï¸âƒ£

#MUFC || @Cristiano"
"What makes @SirBobby so special? 

ğŸ¥ The story of a boy from Ashington who became a football legend...

#MUFC"
"Together ğŸ¤

The #EVEMUN edition of Access All Areas is ready to enjoy â¤µï¸

#MUFC || #PL"
"Maintaining our focus ğŸ§ 

#MUFC"
"ğŸ”„ #MUAcademy Reds in the mix ğŸ’ª

#MUFC https://t.co/P4T7R98Nom"
"Keeping the wheels turning ğŸƒâ€â™‚ï¸ğŸ’¯

#MUFC https://t.co/kzZcFEV3G0"
"Let's go, United ğŸ‘Š

#MUFC https://t.co/BdeRj9Zov0"
"Good vibes ahead of another Carrington workout! ğŸ‘Œ

#MUFC https://t.co/6EgbhJnVoF"
"Our no.7ï¸âƒ£ celebrated his 7ï¸âƒ£0ï¸âƒ£0ï¸âƒ£th club goal in unique fashion on Sunday night...

ğŸ˜´ @Cristiano

#MUFC || #PL"
"The man who epitomises Manchester United.

Honouring Sir Bobby Charlton on his 85th birthday â¤ï¸

#MUFC https://t.co/DvvzIChmWa"
"ğŸ“‹ @EthanGalbraith0 struck the winning goal for Salford City at the weekend â€” his first goal for the club! ğŸ‘

#MUFC || #MUAcademy"
"âš¡ï¸ Hitting the ground running in the @PremierLeague. 

#MUFC || @Antony00"
"ğŸ’¬ Keep moving forwards. 

#MUFC || #PL https://t.co/I2hnNeuhkW"
"ğŸš¨ Just in: the first United Daily of the week...

Former Red @PaulHW_ reacts to our positive result over the weekend, explaining which players stood out to him  ğŸ‘€ğŸ‘‡

#MUFC"
"Making dreams come true âœ¨

#MUFC || @MU_Foundation https://t.co/1XfEDrasl7"
"Special moments create precious memories â¤ï¸

We were delighted to welcome fans with life-limiting illnesses to Carrington today, for our annual Dream Day event ğŸ™

#MUFC || @MU_Foundation"
"Talk. Listen. Support.

Today more than ever, it's important to remember: no-one's alone â¤ï¸

#MUFC || #WorldMentalHealthDay https://t.co/zGowUrnnaL"
"ğŸ”´ The United way. 

#MUFC || #PL"
"Congratulations, @Cristiano â€” from everyone at United â¤ï¸

#MUFC https://t.co/3IFrusQmUG"
"ğŸ§  Simple #WorldMentalHealthDay lessons from @MU_Foundation partner school students.

Never be afraid to speak up and seek help â¤ï¸

#MUFC || @WMHDay"
"ğŸ“® Inbox (1)

An inch-perfect delivery from @Casemiro ğŸ‘Œ

#MUFC || #EVEMUN"
"Coming up clutch ğŸ’¯

Solid again last night, @D_DeGea ğŸ‘

#MUFC || #EVEMUN"
"ğŸ“¬âš½ï¸ @Antony00 delivered again on Sunday night!

#MUFC || #EVEMUN https://t.co/jbtuIET1OG"
"ğŸš¨ The boss has provided an update on the injury suffered by @AnthonyMartial on Sunday ğŸ‘‡

#MUFC || #EVEMUN"
"ğŸ—¯ We caught up with @B_Fernandes8 following Sunday night's tightly contested battle on Merseyside... ğŸ”µâš”ï¸ğŸ”´

#MUFC || #EVEMUN"
"ğŸ”¬ Putting the hot topics of discussion from #EVEMUN under the microscope...

#MUFC"
"â„¹ï¸ @McTominay10 will be unavailable for our next #PL match.

#MUFC"
"ğŸ—£ Find out what @VLindelof made of #EVEMUN, after the Reds made it back-to-back wins...

#MUFC || #PL"
"Direct. Decisive. Devastating.

ğŸ”¥ @Antony00

#MUFC || #EVEMUN"
"Night, Reds ğŸ˜´ https://t.co/pOlzg9Qnvh"
"From minute 1ï¸âƒ£ to minute 9ï¸âƒ£0ï¸âƒ£: we heard you.

Big shoutout to our travelling Reds at Goodison Park tonight ğŸ‘â¤ï¸

#MUFC || #EVEMUN https://t.co/m2EGqp0ElC"
"ğŸ’¬ Reflecting on a job well done.

Watch Erik give #MUTV his thoughts on #EVEMUN now ğŸ¥â¤µï¸

#MUFC || #PL"
"S ğŸš« L I D

Well played tonight, @Casemiro! ğŸ’ªğŸ‡§ğŸ‡·

#MUFC || #EVEMUN https://t.co/TFsjQ4H1ou"
"7ï¸âƒ£0ï¸âƒ£0ï¸âƒ£ ğŸ†™

A memorable night for @Cristiano, capped with our Player of the Match award ğŸ‘ğŸ…

#MUFC || #EVEMUN"
"ğŸ‡§ğŸ‡· V A M O S ğŸ‡¦ğŸ‡·

#MUFC || #EVEMUN https://t.co/t1SuHqWJI9"
"Marking his 2ï¸âƒ£0ï¸âƒ£0ï¸âƒ£th appearance with a win â€” let's go, @VLindelof! ğŸ’ª

@TeamViewer â†”ï¸ #BringingYouCloser

#MUFC || #EVEMUN https://t.co/0UBI0iFN8V"
"Too cold with it ğŸ˜

ğŸ”´ @Cristiano

#MUFC || #EVEMUN"
"The first Red to score in his first three #PL games ğŸ”¥ğŸ”¥ğŸ”¥

ğŸ˜®â€ğŸ’¨ @Antony00 

#MUFC https://t.co/cOMqKqrjzt"
"Up the Reds âœŠ

#MUFC || #EVEMUN https://t.co/OYLQY3IbmN"
"BIG. THREE. POINTS! ğŸ‘Š

#MUFC || #EVEMUN"
"ğŸ”„ @RaphaelVarane enters the fray in stoppage time.

#MUFC || #EVEMUN https://t.co/lriRg9lO0V"
"ğŸ”„ @McTominay10 comes on as we enter the closing stages.

#MUFC || #EVEMUN https://t.co/kFMHaGRSTS"
"The goal has been ruled out as Marcus Rashford was adjudged to have handled the ball in the build-up.

#MUFC || #EVEMUN"
"MARCUSSSSSSS!!! ğŸ˜ğŸ˜ğŸ˜

#MUFC || #EVEMUN https://t.co/Tydyh1mz1W"
"Just under 1ï¸âƒ£5ï¸âƒ£ minutes to go at Goodison â³

Stay switched on, United! ğŸ§ 

#MUFC || #EVEMUN https://t.co/dJG8MCJClv"
"Pushing for a third goal â¡ï¸âš½ï¸

#MUFC || #EVEMUN https://t.co/bkaO0IaVoR"
"Battling all over the pitch âš”ï¸

#MUFC || #EVEMUN https://t.co/n33LUu8GwR"
"Back to it âœŠ

#MUFC || #EVEMUN"
Just ğŸ things.
Astonishing. https://t.co/0UWTNQZm6U
"Cold finish, colder celebration ğŸ¥¶

7ï¸âƒ£ @Cristiano 

#MUFC || #EVEMUN https://t.co/xupRuWwAFq"
"â¸ @Cristiano's 44th-minute strike means we're ahead at the interval! ğŸ’ª

#MUFC || #EVEMUN"
"RONALDDOOO!!! ğŸ’¥

#MUFC || #EVEMUN https://t.co/7uWDz0WqAR"
"â±ï¸ Less than ğŸ”Ÿ minutes of the first half remain â€” keep pressing, Reds!

#MUFC || #EVEMUN https://t.co/ewyDTr3202"
"ğŸ”„ We're forced into an early change, as @AnthonyMartial is replaced by @Cristiano.

#MUFC || #EVEMUN https://t.co/rkdTycgM6r"
"Levelling things up ğŸ‘Š

ğŸ‡§ğŸ‡· @Antony00

#MUFC || #EVEMUN https://t.co/tnK8DvtjUr"
"ANTONYYY!!! ğŸ”¥

#MUFC || #EVEMUN https://t.co/vowhmTnoAW"
"Goal. Everton take the lead.

#MUFC || #EVEMUN"
"Bring on United! ğŸ”´âšªï¸âš«ï¸

#MUFC || #EVEMUN"
"ğŸ¥ The boss explains the three changes he made to tonight's starting XI in his pre-match chat with #MUTV...

#MUFC || #EVEMUN"
"Full focus on this evening's challenge ğŸ’¯

#MUFC || #EVEMUN https://t.co/AOfxVKmsvP"
"Time to get warm on Merseyside â™¨ï¸

#MUFC || #EVEMUN"
"United appearance number 2ï¸âƒ£0ï¸âƒ£0ï¸âƒ£ awaits for @VLindelof âœŠ

#MUFC || #EVEMUN https://t.co/8ruqcP22Df"
"ğŸ”´ Taking a look inside our dressing room.

#MUFC || #EVEMUN"
"Checking in for the night shift ğŸ’¼

#MUFC || #EVEMUN"
"ğŸ¥ Presenting your 1ï¸âƒ£1ï¸âƒ£ Reds to take on the Toffees... ğŸ‘Š

#MUFC || #EVEMUN"
"â³ Team news is just five minutes away, Reds...

#MUFC || #EVEMUN https://t.co/ydvYYsZfpT"
"ğŸ“ On site at Goodison Park.

#MUFC || #EVEMUN"
"A quick reminder of our last #PL away winâ€¦

âš½ï¸ @Sanchooo10 
ğŸ…°ï¸ @MarcusRashford 

#MUFC https://t.co/Gf6pyNboka"
"We proudly support the @PremierLeague's #NoRoomForRacism initiative, as we remain united in the fight against racism and all forms of discrimination. 

The time for change is now.  

#SeeRed || #allredallequal https://t.co/saMmxARAcB"
"Rested.
Recovered.
Ready for #EVEMUN.

That's the message from Erik in his matchday interview â¬‡

#MUFC || #PL"
"Three goals in two games for Anto âš½

9ï¸âƒ£ @AnthonyMartial

#MUFC"
"The cross from @Evra ğŸ¯
The volley from @CH14_ ğŸ’¥

@TeamViewer â†”ï¸ #BringingYouCloser

#MUFC https://t.co/fov22wLr69"
"Matchday on Merseyside! ğŸ‘Š

#MUFC || #EVEMUN"
"Arsenal âš½
Man City âš½
Everton â“

@Antony00 is aiming to score for a third consecutive #PL game on Sunday... 

#MUFC || #EVEMUN"
"â˜„ï¸ @MarcusRashford scored our first goal last time out...

Make your United Predictions for #EVEMUN now ğŸ“²

#MUFC"
"ğŸ—£ â€œIâ€™ve never really properly had that before.""

@McTominay10 appreciates the personal touch brought by the manager â¤ï¸

#MUFC"
"A spirited comeback âœ…

Find out more about our #MUAcademy U21s' performance â¤µï¸

#MUFC || #PL2"
"ğŸ A battling performance from our #MUAcademy U21s.

#MUFC || #PL2 https://t.co/BF7QFfuZiy"
"A hard-fought test for our #MUAcademy U18s this afternoon.

#MUFC https://t.co/pbJlyVApHc"
"A well-taken corner found Mainoo at the back post who volleyed it home in our #MUAcademy U21 game against Brighton ğŸ‘

Tune in to follow the action as it happens â¬‡ï¸

#MUFC || #PL2"
"The Reds go into the break level after Kobbie Mainoo opened the scoring in this afternoon's #PL2 game.

#MUFC || #MUAcademy"
"ğŸ“‹ Here's how our #MUAcademy U21s line up this afternoon in #PL2!

Watch the game live on #MUTV from 12:45 BST as United take on Brighton ğŸ‘‡

#MUFC"
"Workout ready ğŸ‘Š

#MUFC || #PL"
"Up next...

ğŸ”µ #EVEMUN ğŸ”´

#MUFC || #PL"
"ğŸš¨ Last chance ğŸš¨

Register now to join @IamMSilvestre, @WesBrown24 and thousands of fellow Reds at #ILOVEUNITED Kolkata ğŸ‡®ğŸ‡³

#MUFC"
"All set for an #MUAcademy double-header this afternoon! ğŸ‘Š

U21s: Brighton (H), 13:00 BST (MUTV)
U18s: Newcastle (H), 12:30 BST

#MUFC https://t.co/yI603r5DND"
"âš½ï¸ @LisandrMartinez â¡ï¸ @MarcusRashford â¡ï¸ @AnthonyMartial ğŸ¥…

#MUFC || #UEL"
"It's been 2ï¸âƒ£0ï¸âƒ£ years since our last trip to Cyprus and the support is as strong as ever â¤ï¸

#MUFC https://t.co/CedkoCQCYg"
"ğŸ”´âš«ğŸ”´

Three United classics: which is your favourite? ğŸ‘•

#MUFC"
"ğŸ“½ï¸ Hear how @Antony00 is settling into life at United in the final United Daily of the week...

#MUFC"
"A #PL Community Champion with the @WesBrown24 seal of approval âœ”ï¸

Inspiring stuff, Yasmeen â€“ keep it up! â­ï¸

#MUFC || @MU_Foundation"
"Keeping our intensity high ğŸ“ˆ

#MUFC"
"Look good, feel good ğŸ’¯

#MUFC"
"And stretch ğŸ’ª

#MUFC https://t.co/0ovfhqdkCj"
"Getting our recovery right ğŸ§ 

#MUFC https://t.co/dloFxzLGB3"
"Pushing hard on matchday â•1ï¸âƒ£

#MUFC https://t.co/W3FjF4Kkhq"
"Working in the Cyprus sun ğŸ‘Š

#MUFC https://t.co/CJiyr6YCqm"
"ğŸ“ AEK Arena. 

A warm-weather session before we head home to Manchester â˜€ï¸ğŸ‡¨ğŸ‡¾

#MUFC https://t.co/2yhtjZC7fn"
"â„¹ï¸ The details for October's trip to Chelsea have been confirmed.

#MUFC || #PL"
"â„¹ï¸ The boss has updates on four first-team Reds ahead of Sunday's return to #PL action...

#MUFC || #EVEMUN"
"4ï¸âƒ£5ï¸âƒ£ minutes.
3ï¸âƒ£ goal contributions.

@MarcusRashford is among the contenders for the #UEL Player of the Week award! âš¡ï¸

#MUFC https://t.co/axdNUNgUdI"
"Team &gt; individuals.

Well said, @DalotDiogo ğŸ‘

#MUFC || #UEL"
"âœˆ An away trip with a difference.

United will train in Cyprus today before flying home â€“ here's why â¬‡

#MUFC || #UEL"
"Thursday's goalscorers have spoken! ğŸ“²

#MUFC || #UEL https://t.co/OSvHdLqxwr"
"ğŸ”´ A team effort.

#MUFC || #UEL https://t.co/Z5sGzLv6tM"
"ğŸ¥ Presenting the key moments from a five-goal #UEL encounter...

#MUFC"
"ğŸ’­ How can United avoid repeating the first-half mistakes from tonight's win?

Erik has the answer ğŸ‘‡

#MUFC || #UEL"
"One of our longest-ever trips for a competitive game in Europe?

No problem for our travelling Reds â¤ï¸

#MUFC || #UEL https://t.co/H32BYhZJj6"
"â­ğŸ”Ÿ

A starring role from @MarcusRashford in tonight's victory! ğŸ”

#MUFC || #UEL"
"From: @DalotDiogo ğŸ¤³
To: You ğŸ«µ

@TeamViewer â†”ï¸ #BringingYouCloser https://t.co/DwIAozxKfF"
"â•3âƒ£

Needed that.

#MUFC || #UEL https://t.co/npjshFXSHX"
"Job done in Nicosia! âœ”

#MUFC || #UEL"
"ğŸ”„ Just before those goals, @McTominay10 replaced @Casemiro. 

#MUFC || #UEL https://t.co/IZjDNdZIyi"
